"FID_","ID_final","Aedes.aegypti","Aedes.albopictus","Aedes.atropalpus","Aedes.dupreei","Aedes.infirmatus","Aedes.sollicitans","Aedes.taeniorhynchus","Aedes.tortilis","Aedes.triseriatus","Aedes.vexans.sensu.lato","Anopheles.albimanus","Anopheles.atropos","Anopheles.barberi","Anopheles.perplexens","Anopheles.punctipennis","Anopheles.quadrimaculatus","Coquillettidia.perturbans","Culex.coronator","Culex.erraticus","Culex.iolambdis","Culex.nigripalpus","Culex.quinquefasciatus","Culex.restuans","Culex.salinarius","Culex.tarsalis","Culex.territans","Culiseta.inornata","Culiseta.melanura","Mansonia.dyari","Mansonia.titillans","Orthopodomyia.alba","Psorophora.ciliata","Psorophora.columbiae","Psorophora.cyanescens","Psorophora.ferox","Psorophora.horrida","Psorophora.howardii","Uranotaenia.lowii","Uranotaenia.sapphirina","Wyeomyia.mitchellii","Wyeomyia.vanduzeei","Anopheles.crucians.complex2","Aedes.atlanticus.tormentor.morphological.group2","Aedes.mathesoni.complex2","Aedes.fulvus2","pland_1","pland_2","pland_13","pland_15","pland_16","year","Long_final","Lat_final"
1,"s60",0.071428571,0.178571429,NA,0,2.035714286,0,3.785714286,0,0.321428571,0,0,0,0,0,0,22.46428571,1.071428571,0.392857143,34.96428571,0,745.6428571,0,0,0,0,0,0,0,7.142857143,13.67857143,0,2.5,321.9642857,0,4,0,0.142857143,2.321428571,0.178571429,0,0,31.14285714,0.5,0,0,0.316455696,0,7.278481013,9.17721519,16.4556962,2016,-82.1165,27.273
3,"s59",0,0,NA,0,0.666666667,0,0,0,0,0,0,0,0,0,0,4.185185185,15.92592593,0.296296296,43.37037037,0,518.2222222,0,0,0,0,0,0,0.296296296,28.85185185,32.77777778,0,0.925925926,194.037037,0,0,0,0,0.333333333,0,0,0,16.88888889,0,0,0,0.641025641,0,3.525641026,6.730769231,32.37179487,2016,-82.23,27.287
5,"s58",0,0.666666667,NA,0,2.904761905,0,1.492063492,0,0.444444444,0.301587302,0,0.253968254,0,0,0,1.507936508,3.26984127,0.158730159,61.57142857,0.412698413,1875.333333,1.174603175,0,0.111111111,0,0,0,0,5.666666667,29.93650794,0,0.111111111,119.2380952,0,5.031746032,0,0,0,0,0,0,8.73015873,0,0,0,0.955414013,12.7388535,14.01273885,12.42038217,14.64968153,2016,-82.2435,27.3471
7,"s57",1.080645161,0.85483871,NA,0,0.887096774,0,0.612903226,0,0,0,0,0,0,0,0,2.161290323,1.032258065,0.5,31.64516129,0,1260.290323,0.338709677,0,0.016129032,0,0,0,0.193548387,0.177419355,2.096774194,0,0.935483871,89.01612903,0,0.967741935,0,0.016129032,0,0,0,0,19.27419355,0.661290323,0,0,0.318471338,1.910828025,5.732484076,5.414012739,14.01273885,2016,-82.158,27.35
10,"s53",0.733333333,0.333333333,NA,0,5.4,0,0.3,0,0,0.066666667,0,0,0,0,0,1.833333333,0.166666667,0.1,6.1,0,314.1,1.033333333,0,0,0,0,0,0,0.166666667,0.833333333,0,0.066666667,3.933333333,0,0.466666667,0,0.2,0.433333333,0.2,1.1,4.933333333,8.033333333,0.566666667,0,0,1.26984127,96.50793651,0,0.317460317,0.317460317,2016,-82.504,27.407
12,"s54",0.212121212,1.96969697,NA,0,2.090909091,0,0.060606061,0,0.03030303,0,0,0,0,0,0,0.727272727,0.242424242,0.242424242,2.636363636,0,338.6666667,0.03030303,0.151515152,0,0,0,0,0,0,0.181818182,0,2.212121212,167.3030303,0.03030303,6,0,0.121212121,0.212121212,0.03030303,0,0,4.090909091,0.757575758,0,0,0,2.572347267,5.466237942,3.215434084,16.72025723,2016,-82.304,27.408
14,"s56",0.1875,0.5625,NA,0,0.9375,0,0,0,0,0,0,0,0,0,0,5.96875,0.28125,1.34375,3.46875,0,256.75,0,0,0.09375,0,0,0,0,0.78125,0.34375,0,1.09375,111.75,0,0,0,0.03125,0.0625,0.03125,0,0,4.03125,0.8125,0,0,0.638977636,1.916932907,7.348242812,8.626198083,15.33546326,2016,-82.2603,27.4081
16,"s55",0,0.025316456,NA,0,0.316455696,0,0,0,0,0.050632911,0,0,0,0,0,2.544303797,0.291139241,0.075949367,5.911392405,0,266.5822785,0.012658228,0,0.012658228,0,0,0,0,1.53164557,1.265822785,0,1.594936709,206.5822785,0,0,0,0,0.050632911,0,0,0,11.2278481,0.037974684,0,0,0,3.174603175,8.888888889,3.174603175,13.65079365,2016,-82.2876,27.4122
18,"s44",0.04,0.2,NA,0,2.52,0,0.12,0,0.16,0,0,0.04,0,0,0,2.32,1.08,0.12,13.6,0,187.84,0,0,0.08,0,0,0,0.08,0.36,3.12,0,0,6.4,0,0.72,0,0,0,0,0,0,15.68,0,0,0,2.848101266,54.74683544,0.949367089,3.797468354,6.962025316,2016,-82.4262,27.4195
20,"s47",0.032258065,0.032258065,NA,0,2.483870968,0,0.709677419,0,0,0,0,0,0,0,0,14.48387097,2.225806452,1.129032258,43.09677419,0,190.8064516,0.516129032,0,0,0,0,0,0,8.838709677,9.129032258,0,0.096774194,7.838709677,0,0.032258065,0,0.096774194,0.032258065,0.129032258,0.064516129,0,38.09677419,0,0,0,5.111821086,89.45686901,0,1.277955272,1.916932907,2016,-82.48,27.42
23,"s49",0.310344828,0.275862069,NA,0,2.620689655,0,0.172413793,0,0,0,0,0,0,0,0,2.793103448,0.620689655,0.172413793,3.344827586,0,363.6551724,0.068965517,0,0,0,0,0,0,2.310344828,2.931034483,0,1.75862069,27.48275862,0,0.068965517,0,0.034482759,0.137931034,0.034482759,0,0,4.862068966,0.275862069,0,0,0.634920635,95.55555556,0,0.952380952,0,2016,-82.525,27.427
24,"s42",0.125,0.666666667,NA,0,19.45833333,0,0,0,0,0.208333333,0,0,0,0,0,18.45833333,2.083333333,6.708333333,16.83333333,0,817.2083333,0,0,0,0,0,0,0,0,1.916666667,0,0.666666667,61.33333333,0,2.916666667,0,0.041666667,0.541666667,0.041666667,0,0,120.2083333,1.791666667,0,0,0,13.14102564,20.83333333,2.243589744,11.21794872,2016,-82.377,27.427
26,"s40",0,0,NA,0,5.115384615,0,0,0,0.230769231,0,0,0,0,0,0,2.807692308,1.269230769,0.384615385,6.115384615,0,191.8461538,0.769230769,0,0,0,0,0,3.076923077,0.076923077,2.076923077,0,0.346153846,84.46153846,0,0.384615385,0,0,0,0.038461538,0,0,28.69230769,0.038461538,0,0,0,7.073954984,6.752411576,4.180064309,21.22186495,2016,-82.133,27.427
31,"s46",0,0.25,NA,0,3.375,0,0.166666667,0,0.041666667,0.041666667,0,0,0,0,0,2.708333333,1.5,0.666666667,18.20833333,0,171.25,0,0,0,0,0,0,0,0.833333333,1.666666667,0,0.083333333,10.41666667,0,0.291666667,0,0.166666667,0,0,0.208333333,0.041666667,32.54166667,1.458333333,0,0,2.229299363,65.92356688,0.955414013,5.732484076,4.140127389,2016,-82.439,27.439
32,"s50",1.37037037,0,NA,0,0.222222222,0,0.185185185,0,0,0.074074074,0,0.037037037,0,0,0,0.333333333,0,0.444444444,0.074074074,0,34,0,0,0,0,0,0,0,0.259259259,0.148148148,0,0,1.185185185,0,0,0,0,0,0,0,0,0.185185185,0,0,0,1.587301587,97.14285714,0,0.317460317,0,2016,-82.5489,27.4394
34,"s45",0,0.366666667,NA,0,22.96666667,0,0.2,0,0,0,0,0,0,0,0,9.266666667,0.233333333,0.233333333,7.6,0,197.3,0.166666667,0,0,0,0,0,0,0.133333333,1.333333333,0,0.166666667,11.26666667,0,1.933333333,0.266666667,0.533333333,0.433333333,0.133333333,0,0,156.3,8.233333333,0,0,2.243589744,61.21794872,2.564102564,6.41025641,3.205128205,2016,-82.4358,27.4424
36,"s51",0.206896552,0.275862069,NA,0,312.0344828,0,0.137931034,0,0,0,0,0,0,0,0,0,0.275862069,0,12.48275862,0,1385.551724,0,0,0,0,0,0,0,0,0,0,0,0,0,49.93103448,0,0,2.310344828,0,0,0,82.13793103,29.86206897,0,0,12.17948718,79.48717949,0,0.641025641,3.205128205,2016,-82.6205,27.4472
38,"s48",0.266666667,0.233333333,NA,0,4.433333333,0,28.46666667,0,0,0,0,1.733333333,0,0,0,3.433333333,0.233333333,0.2,5.933333333,0,391.1333333,0.766666667,0,0,0,0,0,0,0.5,3.2,0,0.2,49.13333333,0,0.4,0,0.266666667,0,0,0,0,17.06666667,0.033333333,0,0.033333333,8.571428571,85.71428571,0,2.53968254,1.26984127,2016,-82.499,27.449
40,"s41",0.123076923,0.076923077,NA,0,10.81538462,0.030769231,0.076923077,0,1.061538462,1.184615385,0,0.153846154,0,0,0,1.553846154,1.353846154,0.461538462,23.78461538,0,504.6923077,0,0,0.015384615,0,0,0,0,2.507692308,2.523076923,0,0.538461538,197.7230769,0.230769231,5.553846154,0,0.030769231,1.846153846,0.261538462,0,0,22.38461538,3.015384615,0,0,8.917197452,4.140127389,29.61783439,2.547770701,12.10191083,2016,-82.304,27.464
42,"s52",8.846153846,0,NA,0,0.269230769,0.115384615,9.5,0,0,0.038461538,0,0,0,0,0,0,0,0,0.115384615,0,3.615384615,0.038461538,0,0,0,0,0,0,0,0,0,0,0.038461538,0,0.038461538,0,0,0,0,0,0,0.076923077,0.038461538,0,0,68.86792453,18.23899371,0.314465409,2.51572327,5.660377358,2016,-82.6843,27.4685
44,"s32",1.034482759,0.448275862,NA,0,23.34482759,0,5.482758621,0,0,0.034482759,0,0,0,0,0,1.24137931,0,1.862068966,4.724137931,0,397.6896552,1.103448276,0.206896552,0.965517241,0,0,0,0,0.206896552,0.103448276,0,0.172413793,12.24137931,0,6.344827586,0,0.586206897,0.586206897,0.75862069,0,0,39.24137931,0.103448276,0,0,5.063291139,92.72151899,0,0.316455696,0.949367089,2016,-82.524,27.47
46,"s39",0,0.049180328,NA,0,5.704918033,0,0,0,0,0.049180328,0,0,0,0,0,3.590163934,0.590163934,0,36.08196721,0,456.3770492,0,0,0,0,0,0,1.147540984,5.245901639,10.80327869,0,0.409836066,178.1967213,0.032786885,2.475409836,0,0.032786885,0,0.098360656,0,0,59.27868852,1.295081967,0,0,0.949367089,9.810126582,25.3164557,8.544303797,12.02531646,2016,-82.17,27.471
49,"s36",0,0.172413793,NA,0,4.344827586,0,0.172413793,0,0,0,0,0,0,0,0,0.448275862,0.517241379,0.172413793,2.482758621,0,420.6206897,0,0,0,0,0,0,0,0,2.172413793,0,9.862068966,309.6206897,0,0.344827586,0,0,0,0,0,0,13.5862069,0,0,0,17.94871795,3.205128205,21.79487179,2.243589744,10.25641026,2016,-82.324,27.475
50,"s30",0.923076923,0.153846154,NA,0,0.038461538,0,0.615384615,0,0,0,0,0.038461538,0,0,0,0,0,0,0.115384615,0,3.769230769,0.076923077,0,0,0,0,0,0,0,0.038461538,0,0.038461538,0.923076923,0,0,0,0,0.038461538,0,0,0,0.076923077,0,0,0,1.265822785,98.73417722,0,0,0,2016,-82.5513,27.4751
52,"s28",0.178571429,0,NA,0,0.107142857,0.035714286,1.178571429,0,0,0,0,0,0,0,0,0,0,0,0.535714286,0,8.178571429,0,0,0,0,0,0,0,0,0.035714286,0,0,0.321428571,0,0,0,0,0,0,0,0,0.285714286,0,0,0,0.961538462,96.47435897,0,0.961538462,0.320512821,2016,-82.613,27.476
54,"s33",1.407407407,4,NA,0,21.51851852,0,12.92592593,0,0.074074074,0.111111111,0,0,0,0,0,0.740740741,2.037037037,2.333333333,15.18518519,0,459.1481481,0,0.259259259,0,0,0,0,0.074074074,0.074074074,4.814814815,0,0,26.66666667,0,6.62962963,0,0.407407407,1.037037037,0,0,0,16.14814815,6.333333333,0,0,8.064516129,82.25806452,0,1.290322581,1.935483871,2016,-82.4804,27.4813
56,"s34",0,0.24137931,NA,0,1.517241379,0,1,0,0,0.413793103,0,0,0,0,0,1.827586207,1.068965517,1.034482759,23.06896552,0,230.8965517,0,0,0,0,0,0,0.137931034,0.103448276,0.620689655,0,0.137931034,46.55172414,0,2.24137931,0,0.206896552,0,0,0.034482759,0,10.17241379,1.24137931,0,0,2.201257862,28.93081761,5.974842767,5.660377358,15.40880503,2016,-82.402,27.485
58,"s29",2.555555556,0,NA,0,0.222222222,0.037037037,0.962962963,0,0,0.037037037,0,0,0,0,0,0,0,0.037037037,0.074074074,0,1.185185185,0.259259259,0,0,0,0,0,0,0,0,0,0,0.962962963,0.185185185,0,0,0.037037037,0,0,0,0.037037037,0,0,0,0,18.61198738,81.07255521,0,0,0,2016,-82.592,27.489
60,"s35",0,0.121621622,NA,0,0.635135135,0,0.27027027,0,0.094594595,0.013513514,0,0.013513514,0,0,0,0.945945946,1.310810811,0.351351351,13.72972973,0,192.1216216,0.040540541,0.040540541,0.054054054,0,0,0,0.040540541,2.716216216,9.554054054,0,0.527027027,251.2162162,0,0,0,0,0.027027027,0,0,0,10.48648649,0.054054054,0,0.013513514,12.5,10.8974359,9.615384615,3.205128205,16.98717949,2016,-82.3617,27.4894
62,"s31",0.142857143,0,NA,0,0.071428571,0,6.392857143,0,0,0,0,0,0,0,0,0.107142857,0,0,0.428571429,0,9.785714286,0,0,0,0,0,0,0,0,0.035714286,0,0,5.107142857,0,0,0,0,0.035714286,0,0,0,0.571428571,0,0,0,27.04402516,70.75471698,0,0.628930818,0.943396226,2016,-82.534,27.49
66,"s26",0.666666667,0,NA,0,1.222222222,2,254.2592593,0,0.111111111,0,0,0.037037037,0,0,0,0,0,0,0.074074074,0,45.14814815,0,0,0,0,0,0,0,0,0.037037037,0,0,12.44444444,0,0,0,0,0,0,0,0,3.740740741,0,0,0,35.57692308,45.19230769,0,0.320512821,13.78205128,2016,-82.6574,27.5031
70,"s25",0,0,NA,0,3.107142857,0,6.964285714,0,0,0,0,0.142857143,0,0,0,2.678571429,0.285714286,0.892857143,18.32142857,0,128.8214286,0,0,0,0,0,0,0,2.678571429,4.142857143,0,0.178571429,178.0714286,0,0.678571429,0,0.035714286,0.678571429,0,0,0,8.321428571,0.035714286,0,0,9.935897436,26.6025641,8.653846154,10.25641026,15.70512821,2016,-82.432,27.513
71,"s23",0.153846154,0.423076923,NA,0,0.115384615,0,8.461538462,0,0,0.076923077,0,0,0,0,0,0.807692308,0.269230769,4.076923077,5.615384615,0,60.57692308,0,0,0,0,0,0,0,3.115384615,1.846153846,0,0,9.807692308,0.346153846,0.115384615,0,0.038461538,0.461538462,0.076923077,0,0,7.923076923,0.076923077,0,0,32.80757098,61.51419558,0,0.94637224,0,2016,-82.538,27.516
74,"s21",1,0.074074074,NA,0,0.518518519,0.037037037,25.25925926,0,0,0.111111111,0,0.074074074,0,0,0,1.444444444,0,1.444444444,7.592592593,0,34.66666667,0,0,0,0,0,0,0,0,0.703703704,0,0.111111111,26.81481481,0,0.148148148,0,0,0,0,0,0.037037037,1.851851852,0,0,0,40.50632911,54.74683544,0,1.265822785,0.632911392,2016,-82.588,27.529
76,"s22",1.68,4.08,NA,0,7.6,0,39.6,0,0.2,0,0,0,0,0,0,2,0,10.28,8.52,0,129.96,0.68,0,0,0,0,0,0.08,0.04,0.12,0,0,6.32,0,4.16,0,0,0.24,0.08,0,0,12.8,0,0,0,31.64556962,62.97468354,0,1.265822785,1.582278481,2016,-82.5824,27.531
81,"s61",0.296296296,0,NA,0,0,0,0.481481481,0,0,0.037037037,0,0,0,0,0,0,0,0,0.222222222,0,4.888888889,0,0,0,0,0,0,0,0,0.111111111,0,0,0.703703704,0.037037037,0,0,0.037037037,0,0,0,0,0.148148148,0,0,0,4.761904762,86.03174603,0,2.222222222,1.587301587,2016,-82.5657,27.5333
82,"s18",0,0,NA,0,0,0,0,0,0,0,0,0,0,0,0,0,0,0,4,0,221,0,0,0,0,0,0,0,0,10,0,2.5,986.5,0,0,0,0,0,0,0,0,20,0,0,0,0,0.317460317,32.6984127,1.904761905,6.031746032,2016,-82.353,27.549
84,"s19",0.037037037,0.888888889,NA,0,6.074074074,0,16.81481481,0,0,1.074074074,0,0,0,0,0,0.666666667,0.259259259,4.666666667,7.407407407,0,581.5185185,0,0.740740741,0,0,0,0,0,0,1.407407407,0,0.148148148,42.37037037,0.037037037,9.111111111,0,0,0.333333333,0,0,0,10.44444444,0.555555556,0,0,3.164556962,74.6835443,0.632911392,3.481012658,4.430379747,2016,-82.546,27.554
86,"s13",0,0,NA,0,4.333333333,0,9.087719298,0,0,0.052631579,0,0,0,0,0,3.421052632,2,1.421052632,122.6491228,0,491.8245614,0,0,0,0,0,0,0,10.1754386,11.38596491,0,0.035087719,33.29824561,0,0.824561404,0,0.070175439,2.01754386,5.684210526,0,0,64.29824561,0.298245614,0,0,2.236421725,38.01916933,12.4600639,4.47284345,23.00319489,2016,-82.4803,27.565
88,"s14",0.336283186,0.805309735,NA,0,8.840707965,0,2.345132743,0,0.185840708,0.026548673,0,0,0,0,0,0.672566372,0.203539823,0.469026549,5.911504425,0,686.8495575,0.017699115,0,0,0,0,0,0.778761062,1.03539823,0.548672566,0,0.212389381,37.97345133,0.026548673,3.796460177,0,0,0.353982301,0.008849558,0,0.008849558,5.85840708,2.115044248,0,0.03539823,0.317460317,23.17460317,24.44444444,2.857142857,14.28571429,2016,-82.425,27.565
90,"s10",2.814814815,0.259259259,NA,0,0.037037037,0.777777778,154.9259259,0,0.037037037,0,0,1.777777778,0,0,0,0.185185185,0,0.074074074,2.666666667,0,89.48148148,0,0,0.074074074,0,0,0,0,0.222222222,1.037037037,0,0,11.22222222,0,0,0,0,0,0,0.185185185,0,0.407407407,0.037037037,0,0,57.6433121,7.006369427,0.636942675,1.910828025,20.06369427,2016,-82.5932,27.5695
92,"s17",0.16,0,NA,0,3,0,0,0,0,0.32,0,0,0,0,0,4.84,6.52,1.12,23.44,0,304.12,0,0,0,0,0,0,1.6,1.76,8.08,0,1.76,145.36,0,0,0,0.04,0,0,0,0,20.96,3.16,0,0,0.320512821,0.320512821,18.58974359,4.807692308,21.15384615,2016,-82.1378,27.5709
94,"s11",0.76,1.82,NA,0,7.84,0,10.38,0,0.5,0,0,0,0,0,0,2.3,0.2,5.08,11.8,0,1557.24,0,0,0,0,0,0,0,0.48,9.34,0,0,62.54,0,36.66,0,0.02,4.94,0,0,0,9.08,0,0,0.02,3.215434084,40.19292605,9.646302251,4.501607717,23.79421222,2016,-82.504,27.574
96,"s15",0.108333333,0.883333333,NA,0,33.85,0,4.95,0,0.691666667,0.041666667,0,0,0,0,0,8.966666667,0.675,0.15,9.725,0.3,705.475,0,0,0,0,0,0,0.608333333,2.375,0.7,0,0.416666667,22.325,0.075,13.24166667,0.016666667,0.408333333,2.266666667,1.958333333,0,0,71.69166667,5.083333333,0,0.058333333,0,12.7388535,26.11464968,4.140127389,19.42675159,2016,-82.42,27.575
98,"s16",0,0,NA,0,7,0,0,0,0,0,0,0,0,0,0,0,0,2.5,12.5,0,87,0,0,0,0,0,0,0,2.5,0,0,2.5,474,0,0,0,0,0,0,0,0,2.5,0,0,0,0,0,21.58730159,4.126984127,16.50793651,2016,-82.3548,27.5776
99,"s12",0,0.069565217,NA,0,3.965217391,0.034782609,44.87826087,0,0.426086957,0,0,0,0,0,0,2.182608696,14.57391304,0.982608696,57.36521739,0,515.6434783,0.026086957,0,0,0,0,0.104347826,0.4,6.739130435,9.747826087,0,0.07826087,40.62608696,0,2.391304348,0,0.052173913,0.547826087,0.513043478,0,0.060869565,47.31304348,0.339130435,0,0,3.797468354,25.63291139,24.05063291,4.113924051,24.6835443,2016,-82.484,27.578
102,"s9",0.366972477,0.486238532,NA,0,1.220183486,0,183.4311927,0,0.027522936,0.155963303,0,0.155963303,0,0,0,1.064220183,0.376146789,0.110091743,6.889908257,0,120.3486239,0.091743119,0,0,0,0,0,0,1.853211009,0.752293578,0,0,3.302752294,0.018348624,1.348623853,0,0.018348624,0.137614679,0.082568807,0,0,8.889908257,0.110091743,0,0,15.09433962,32.0754717,6.289308176,1.257861635,26.10062893,2016,-82.548,27.5909
104,"s7",0,0.076923077,NA,0,0.230769231,0,0,0,0,0,0,0,0,0,0,0.576923077,2.884615385,0.115384615,26.92307692,0,27,0,0,0,0,0,0,0,3.384615385,12.57692308,0,0.269230769,84.42307692,0,0.615384615,0,0,0,0,0,0,5.846153846,0.038461538,0,0,0,8.860759494,17.72151899,0.949367089,15.50632911,2016,-82.2,27.591
106,"s8",0.320754717,0.188679245,NA,0,0.877358491,0.08490566,262.6320755,0,0,0.264150943,0,0.132075472,0,0,0,4.094339623,0.216981132,0.018867925,4.811320755,0,214.0849057,0,0,0.028301887,0,0,0,0,0.971698113,1.830188679,0,0.113207547,32.19811321,0.037735849,0.08490566,0,0,0.037735849,0.028301887,0,0,9.150943396,0,0.018867925,0,9.17721519,33.2278481,21.51898734,0.316455696,19.93670886,2016,-82.536,27.603
107,"s5",0,0,NA,0,0.958333333,0,0,0,0,0,0,0.875,0,0,0,20.20833333,156.4166667,0,88.75,0,281.4583333,0,0,0,0,0,0,0.541666667,10.83333333,139.875,0,1.791666667,205.125,0,0,0,0,1.333333333,0.291666667,0,0,145.375,14.75,0,0,0.316455696,1.582278481,21.20253165,12.65822785,11.07594937,2016,-82.098,27.603
110,"s6",0,0,NA,0,82.17391304,0,0,0,17.91304348,0,0,0,0,0,0,102.4782609,130.6956522,0,252.8695652,0,1226.086957,0,0,0,0,0,0,22.47826087,17.65217391,43.65217391,0,0.608695652,225.2608696,0,0,0,0.173913043,0,4.652173913,0,0,921.1304348,137.5652174,0,0.086956522,0,0,19.24290221,5.678233438,20.82018927,2016,-82.124,27.613
113,"s2",0.065420561,1.046728972,NA,0,15.26168224,0.897196262,1135.682243,0,0,0.252336449,0,0,0,0,0,15.59813084,2.448598131,0.700934579,21.1682243,0,1672.130841,0,0,0,0,0,0,0,15.6635514,34.42990654,0,0.476635514,120.2990654,0,1.299065421,0,0,0.093457944,0,0,0,161.0186916,0.355140187,0,0,11.11111111,23.17460317,28.25396825,1.904761905,18.41269841,2016,-82.535,27.616
115,"s3",0,0,NA,0,35.41441441,0,579.7387387,0,0.009009009,0.576576577,0,0.081081081,0,0,0,8.234234234,0.792792793,1.036036036,74.35135135,0.09009009,1200.468468,0,0,0.027027027,0,0,0,0.036036036,9,6.783783784,0,0.90990991,202.0900901,0,2.567567568,0,0.027027027,2.315315315,3.072072072,0,0,61.03603604,0.441441441,0,0.027027027,0.949367089,18.03797468,27.53164557,3.797468354,8.544303797,2016,-82.497,27.628
117,"s4",0,0,NA,0,0.076923077,0,57.11538462,0,0,0.538461538,0,0,0,0,0,3.423076923,0,5.038461538,20.76923077,0,325.6153846,0,0,0,0,0,0,0,0,5.346153846,0,0.692307692,115.0384615,0.076923077,0.153846154,0,0,0.730769231,0,0,0,5.307692308,0,0,0,0.320512821,8.653846154,21.79487179,4.487179487,11.21794872,2016,-82.417,27.639
120,"s1",0,0,NA,0,14.4122807,2.140350877,1494.166667,0,0.166666667,0.175438596,0,9.578947368,0,0,0,4.929824561,0,0.271929825,70.53508772,0,3425.666667,0,0,0,0,0,0,0,1.377192982,0.973684211,0,0.00877193,22.50877193,0,0,0,0,2.5,0,0,0,57.31578947,0.745614035,0,0,43.03797468,10.12658228,14.24050633,2.53164557,17.72151899,2016,-82.553,27.64
1,"s60",0,0,0,NA,0.052631579,0,0.052631579,NA,0,0.052631579,NA,NA,NA,NA,0,0.368421053,0.052631579,2,10.84210526,0,1171.421053,0,0,0,0,0,0,0,0,0.684210526,NA,13,604.6315789,0,0,NA,0,0,0.105263158,0,0,37.89473684,0,0,0,0.316455696,0,7.278481013,9.17721519,16.4556962,2017,-82.1165,27.273
3,"s59",0,0,0,NA,4.473684211,0,1.368421053,NA,0,0,NA,NA,NA,NA,0,22.15789474,0,10.05263158,30.31578947,0,1404.105263,0,0,0,0,0,0,0,1.842105263,9.736842105,NA,2.736842105,417.6315789,0,1.263157895,NA,0,0.315789474,0,0,0,20.42105263,0,0,0,0.641025641,0,3.525641026,6.730769231,32.37179487,2017,-82.23,27.287
5,"s58",0.258823529,0.635294118,0,NA,8.670588235,0,0.094117647,NA,0.082352941,0.717647059,NA,NA,NA,NA,0,5.105882353,0.870588235,6.317647059,29.41176471,0,3626.529412,0.047058824,0.4,0,0,0,0,0,3.776470588,15.18823529,NA,0.117647059,202.1647059,0,1.341176471,NA,0,1.058823529,0.011764706,0,0,5.882352941,0,0,0,0.955414013,12.7388535,14.01273885,12.42038217,14.64968153,2017,-82.2435,27.3471
7,"s57",0.060240964,0.554216867,0.144578313,NA,3.192771084,0,0.036144578,NA,0.144578313,0.542168675,NA,NA,NA,NA,0,1.144578313,0.590361446,15.44578313,9.554216867,0,2198.710843,0.012048193,0.012048193,0,0,0,0.012048193,2.43373494,0.024096386,0.469879518,NA,1.204819277,275.8433735,0,1.060240964,NA,0.012048193,0.385542169,0,0,0,18.80722892,0,0,0,0.318471338,1.910828025,5.732484076,5.414012739,14.01273885,2017,-82.158,27.35
10,"s53",0.047619048,5.761904762,0,NA,1.047619048,0,0.571428571,NA,0,0,NA,NA,NA,NA,0,1.428571429,0,0.761904762,2.619047619,0,1962.047619,0,0,0,0,0,0,0.095238095,0.333333333,0.19047619,NA,0,4.666666667,0,0.333333333,NA,0,0.095238095,0.142857143,1.333333333,0,16.85714286,0,0,0,1.26984127,96.82539683,0,0.317460317,0,2017,-82.504,27.407
12,"s54",0,0.208333333,0,NA,2.166666667,0,0.041666667,NA,0,0,NA,NA,NA,NA,0,2.583333333,0,3.583333333,9.958333333,0,1095.583333,0,0,0,0,0,0,0,0,0,NA,0.291666667,181,0,2.458333333,NA,0,0.75,0,0,0,15.41666667,0,0,0,0,2.572347267,5.466237942,3.215434084,16.72025723,2017,-82.304,27.408
14,"s56",0.217391304,0,0,NA,2.739130435,0,0,NA,0,0,NA,NA,NA,NA,0,0.217391304,0,2.086956522,4.826086957,0,1399.956522,0,0,0,0,0,0,0,0,0.130434783,NA,0.608695652,125.3913043,0,1.130434783,NA,0,0.086956522,0.217391304,0,0,21.73913043,0,0,0,0.638977636,1.916932907,7.348242812,8.626198083,15.33546326,2017,-82.2603,27.4081
16,"s55",0,0.03125,0,NA,0.09375,0,3.453125,NA,0,0.5,NA,NA,NA,NA,0,0.046875,0,0.71875,3.078125,0,969.765625,0.015625,0.03125,0,0,0,0,0,0.046875,0.234375,NA,0.921875,213.421875,0,1.875,NA,0.015625,0.46875,0.015625,0,0,6.9375,0,0,0,0,3.174603175,8.888888889,3.174603175,13.65079365,2017,-82.2876,27.4122
18,"s44",0,0,0,NA,3.6,0,0.64,NA,0,0,NA,NA,NA,NA,0,2.72,0,1.8,7.56,0,1073.28,0,0,0,0,0,0,0,0.16,1.52,NA,0.04,25.64,0,2.44,NA,0,0,0,0,0,14.4,0,0,0,2.848101266,56.01265823,0.949367089,3.797468354,6.962025316,2017,-82.4262,27.4195
20,"s47",0.92,0.36,0,NA,1.08,0,4.84,NA,0.04,0.08,NA,NA,NA,NA,0,5.76,0.48,0.24,137.96,0,1087.24,0,0,0,0,0,0,0,3.8,2.64,NA,0.08,18.76,0,0.08,NA,0,0.16,0.12,0,0,73.96,0,0,0,5.431309904,89.45686901,0,0.958466454,1.916932907,2017,-82.48,27.42
23,"s49",0.045454545,0.227272727,0,NA,0.227272727,0,0.227272727,NA,0,0.136363636,NA,NA,NA,NA,0,0.636363636,0.318181818,1.363636364,7.318181818,0,676.9090909,0,0,0,0.227272727,0,0,0,1.636363636,0.954545455,NA,0.136363636,33.18181818,0,0.045454545,NA,0.136363636,0,0,0,0,8.090909091,0,0,0,0.634920635,96.19047619,0,0.634920635,0,2017,-82.525,27.427
24,"s42",0,0,0,NA,2.2,0,0.05,NA,0,0,NA,NA,NA,NA,0,0.15,0,3.6,13.05,0,1043.95,0,0,0,0,0,0,0,0.1,0.45,NA,0.1,48.9,0,0.3,NA,0.15,0.65,0.05,0,0,28.25,0,0,0,0,14.42307692,20.51282051,2.243589744,11.21794872,2017,-82.377,27.427
26,"s40",0,0.083333333,0,NA,7.041666667,0,0,NA,0.458333333,0.041666667,NA,NA,NA,NA,0,0.125,0.541666667,1.5,9.875,0,1730.791667,0.041666667,0,0,0,0,0,2.375,0,3.083333333,NA,0.125,127.5833333,0,0.041666667,NA,0.041666667,3.125,0,0,0,60.33333333,0,0,0,0,7.073954984,6.752411576,4.180064309,21.22186495,2017,-82.133,27.427
28,"s43",0,0,0,NA,0,0,0,NA,0,0,NA,NA,NA,NA,0,0,0,119,0,0,3463,0,0,0,0,0,0,0,0,0,NA,0,179,0,0,NA,0,0,0,0,0,0,0,0,0,1.607717042,18.32797428,11.89710611,2.893890675,13.50482315,2017,-82.3911,27.4358
31,"s46",0,0.090909091,0,NA,0.636363636,0,0.090909091,NA,0,0,NA,NA,NA,NA,0,0.954545455,0.181818182,5.409090909,10.36363636,0,1309.045455,0,0,0,0,0,0,0,0.136363636,0.5,NA,0.136363636,24.95454545,0,0.318181818,NA,0.409090909,0,0,0,0,49.72727273,0,0,0,2.229299363,67.19745223,0.318471338,5.732484076,4.140127389,2017,-82.439,27.439
32,"s50",1.227272727,0.590909091,0,NA,0.045454545,0,0.136363636,NA,0,0.045454545,NA,NA,NA,NA,0,0.090909091,0.045454545,1,0.227272727,0,273.2727273,0.590909091,0,0,0,0,0,0,0,0.090909091,NA,0,1.227272727,0,0.045454545,NA,0,0,0.045454545,0,0,0.681818182,0,0,0,1.587301587,97.14285714,0,0.317460317,0,2017,-82.5489,27.4394
36,"s51",0.238095238,0.952380952,0,NA,49.23809524,0,50.76190476,NA,0,0,NA,NA,NA,NA,0,0,0,0,13.71428571,0,2320.619048,0,0,0,0,0,0,0,0,0.047619048,NA,0,9.19047619,0,8.904761905,NA,0.571428571,0.428571429,0,0,0,60.85714286,0,0,0,12.17948718,79.80769231,0,0.641025641,2.884615385,2017,-82.6205,27.4472
40,"s41",0.012195122,0.414634146,0,NA,2.56097561,0,0.012195122,NA,0.37804878,0,NA,NA,NA,NA,0,0.280487805,0.182926829,5.56097561,14.3902439,0,1133.780488,0.097560976,0,0,0,0,0,0,0.134146341,3.573170732,NA,0.146341463,124.8170732,0,2.804878049,NA,0.012195122,0.414634146,0.048780488,0,0,12.90243902,0.048780488,0,0,8.917197452,4.140127389,29.61783439,2.547770701,12.10191083,2017,-82.304,27.464
42,"s52",29.31818182,1.136363636,0,NA,0.181818182,0,32.68181818,NA,0,0.045454545,NA,NA,NA,NA,0,0.136363636,0,0,0.136363636,0,36.13636364,0.181818182,0,0,0,0,0,0,0,0,NA,0,3.590909091,0,0.090909091,NA,0,0.045454545,0,0,0,0.136363636,0,0,0,68.86792453,18.86792453,0.314465409,2.51572327,5.34591195,2017,-82.6843,27.4685
44,"s32",0.375,0.75,0,NA,22.9375,0,7.125,NA,0,7.125,NA,NA,NA,NA,0,1.0625,0,21.9375,2.5625,0,2967.0625,0,0,0,0,0,0,0,1.8125,0.1875,NA,0.1875,16.375,0,4.9375,NA,0.1875,0.5625,0,0,0,15.4375,0,0,0,5.063291139,93.03797468,0,0.316455696,0.632911392,2017,-82.524,27.47
46,"s39",0,0,0,NA,4.048192771,0.012048193,1.771084337,NA,0,0,NA,NA,NA,NA,0,0.277108434,1.325301205,2.481927711,42.37349398,0,2280.46988,1.337349398,0,0,0,0,0,0.385542169,0.144578313,9.469879518,NA,0.638554217,557.6987952,0,0.373493976,NA,0.012048193,0.903614458,0.012048193,0,0,76.54216867,0,0,0,0.949367089,9.810126582,25.3164557,8.544303797,12.02531646,2017,-82.17,27.471
49,"s36",0,0,0,NA,2.238095238,0,0.047619048,NA,0,0,NA,NA,NA,NA,0,0.047619048,0,3.571428571,8.476190476,0,2277.047619,0,0,0,0,0,0,0,0,1.285714286,NA,0.952380952,636,0,0,NA,0,0,0,0,0,11.38095238,0,0,0,17.94871795,3.525641026,21.79487179,2.243589744,10.25641026,2017,-82.324,27.475
50,"s30",3.681818182,0,0,NA,0,0,0.272727273,NA,0,0.045454545,NA,NA,NA,NA,0,0.272727273,0,0.181818182,0.318181818,0,43.18181818,0.318181818,0.045454545,0,0,0,0,0,0,0.090909091,NA,0,1,0,0,NA,0,0,0,0,0,0.590909091,0,0,0,1.265822785,98.73417722,0,0,0,2017,-82.5513,27.4751
54,"s33",1.407407407,14.03703704,0,NA,18.92592593,0,82.33333333,NA,0.074074074,0.037037037,NA,NA,NA,NA,0,4.148148148,0.037037037,8,19.7037037,0,6011.555556,4.703703704,0,0,0,0,0,0,2.888888889,3.666666667,NA,3.222222222,42.55555556,0,20.40740741,NA,3.259259259,0.444444444,0,0,0,11.85185185,0,0,0,8.064516129,83.5483871,0,0.967741935,1.290322581,2017,-82.4804,27.4813
56,"s34",0.041666667,0.791666667,0,NA,9.291666667,0,5.75,NA,0,0,NA,NA,NA,NA,0,5.125,0.041666667,0.375,3.75,0,1175.25,0,0,0,0,0,0,0,0.5,0.25,NA,0.083333333,56.375,0,0.416666667,NA,0,0.166666667,0,0,0,22.95833333,0,0,0,2.201257862,29.55974843,5.974842767,5.660377358,15.40880503,2017,-82.402,27.485
58,"s29",2.5,0,0,NA,0,0,8.545454545,NA,0,0.136363636,NA,NA,NA,NA,0,0,0,0.227272727,0.045454545,0,24.13636364,0.090909091,0,0,0,0,0.045454545,0,0,0,NA,0,0.590909091,0,0,NA,0,0,0,0,0,0.136363636,0,0,0,18.61198738,81.07255521,0,0,0,2017,-82.592,27.489
60,"s35",0,0,0,NA,0.035714286,0,0.321428571,NA,0,0,NA,NA,NA,NA,0,0,3.964285714,2.785714286,6.464285714,0,1282.071429,0,0,0,0,0,0,0,0,4.214285714,NA,1.928571429,372.8928571,0,0,NA,0,0.035714286,0,0,0,23.57142857,0,0,0,12.5,11.21794872,9.615384615,3.205128205,16.98717949,2017,-82.3617,27.4894
63,"s38",0,0,0.565217391,NA,15.34782609,0,0.086956522,NA,0,13.82608696,NA,NA,NA,NA,0,4.391304348,0.47826087,1.043478261,58.2173913,0,4468.130435,0,0,0,0,0,0,0,0.608695652,55.56521739,NA,1.260869565,376.6521739,0.043478261,0.652173913,NA,0.043478261,0,0,0,0,145.826087,0,0,0,9.904153355,0.958466454,25.55910543,1.277955272,4.792332268,2017,-82.3086,27.4967
66,"s26",0.545454545,0,0.045454545,NA,2.454545455,0,212.7727273,NA,0.090909091,0,NA,NA,NA,NA,0,0.181818182,0,0.090909091,0.045454545,0,245.3181818,0,0,0,0,0,0,0,0,0,NA,0.045454545,37.18181818,0,0,NA,0,0.045454545,0,0,0,6.090909091,0,0,0,35.57692308,46.15384615,0,0.320512821,13.46153846,2017,-82.6574,27.5031
68,"s27",0,0,3.130434783,NA,0,1.217391304,279.5217391,NA,0,0.695652174,NA,NA,NA,NA,0,13.56521739,0,0.260869565,7.826086957,0,279.5652174,0,0,0,0,0,0,0,0,0,NA,0,13.86956522,0,0,NA,0,0,0,0,0,3.086956522,0,0,0,67.50788644,13.88012618,0,0.630914826,13.24921136,2017,-82.6835,27.5111
70,"s25",0,0,0,NA,0,0,33.63636364,NA,0,0,NA,NA,NA,NA,0,4.909090909,0.590909091,10.09090909,18.04545455,0,615.6363636,0,0.590909091,0,0,0,0,0,1.272727273,1.727272727,NA,0.136363636,232.7727273,0,3.363636364,NA,0,0,0,0,0,6.272727273,0,0,0,9.935897436,27.88461538,8.333333333,10.25641026,15.70512821,2017,-82.432,27.513
71,"s23",1.75,2.1,0,NA,0,0,36,NA,0,0.05,NA,NA,NA,NA,0,1.4,0,6.55,3.95,0,494.95,0.05,0,0,0,0,0,0,5.85,2.25,NA,0,13.05,0,0.35,NA,0,0.05,0,0,0,36.55,0,0,0,32.80757098,61.51419558,0,0.94637224,0,2017,-82.538,27.516
74,"s21",1.210526316,0.421052632,0,NA,0.210526316,0,20.68421053,NA,0.210526316,0.473684211,NA,NA,NA,NA,0,0.263157895,0,15.21052632,9.421052632,0,158.1052632,0.105263158,0,0,0,0,0,0,0,0,NA,0.210526316,34.68421053,0,0,NA,0,0.052631579,0,0,0,1.578947368,0,0,0,40.50632911,55.69620253,0,0.949367089,0.316455696,2017,-82.588,27.529
78,"s20",0,0,0.095238095,NA,0.095238095,0,101.4761905,NA,0.047619048,0,NA,NA,NA,NA,0,0.380952381,0,0.238095238,1.714285714,0,374.1428571,0,0,0,0,0,0.047619048,0,0.380952381,1.571428571,NA,0,50.04761905,0.047619048,0.142857143,NA,0.238095238,0.285714286,0,0,0,1.904761905,0,0,0,71.11111111,20,0,0.317460317,6.984126984,2017,-82.6282,27.532
81,"s61",0.571428571,0,0,NA,0,0,3.857142857,NA,0,0.095238095,NA,NA,NA,NA,0,0.095238095,0,1.095238095,0.666666667,0,38,0,0,0,0,0,0,0,0.047619048,0,NA,0,11.14285714,0.095238095,0,NA,0,0,0,0,0,1.714285714,0,0,0,4.761904762,86.98412698,0,1.904761905,0.952380952,2017,-82.5657,27.5333
82,"s18",0,0,0,NA,1.526315789,0,0.263157895,NA,0.052631579,0,NA,NA,NA,NA,0,0,0,14.31578947,18.10526316,0,1070.315789,0,0,0,0,0,0,0.210526316,0,0.421052632,NA,0.526315789,94.15789474,0,0.842105263,NA,0.157894737,0.789473684,0.947368421,0,0,25.15789474,0,0,0,0,0.317460317,32.6984127,1.904761905,6.031746032,2017,-82.353,27.549
84,"s19",0,0.173913043,0.043478261,NA,6.260869565,0,119.6956522,NA,0,0,NA,NA,NA,NA,0,3.956521739,0,16.26086957,24.52173913,0,2987,0,0,0,0,0,0,0,2.956521739,1.260869565,NA,6.391304348,15.39130435,0,34.47826087,NA,0.130434783,4.304347826,0,0,0,23.43478261,0,0,0,3.164556962,75.94936709,0.316455696,3.481012658,4.113924051,2017,-82.546,27.554
86,"s13",0.043478261,0,0,NA,6.434782609,0,47.17391304,NA,0,0.086956522,NA,NA,NA,NA,0,9.217391304,0.043478261,4.086956522,93.52173913,0,1710.217391,0,0,0,0,0,0,0,4.608695652,2.913043478,NA,0.043478261,38.2173913,0,6.565217391,NA,1.434782609,0.695652174,2.391304348,0,0,82.17391304,0,0,0,2.236421725,39.93610224,11.82108626,4.47284345,22.68370607,2017,-82.4803,27.565
88,"s14",0.025974026,0.38961039,0,NA,4.61038961,0,7.246753247,NA,0,0,NA,NA,NA,NA,0,2.168831169,0.064935065,0.805194805,25.54545455,0,3611.844156,0,0.012987013,0,0,0,0.012987013,0,0.038961039,0.545454545,NA,0.480519481,58.25974026,0,11.68831169,NA,0.051948052,0.298701299,0.038961039,0,0,18.84415584,0,0,0,0.317460317,24.44444444,24.44444444,2.857142857,14.28571429,2017,-82.425,27.565
90,"s10",1.105263158,0,4.157894737,NA,0,0,116.4736842,NA,0,0,NA,NA,NA,NA,0,1.947368421,0,0,1.947368421,0,182.7368421,0,0,0,0,0,0,0,0,0,NA,0,48.05263158,0.052631579,0.052631579,NA,0,0,0,0,0,1.894736842,0,0,0,57.6433121,7.324840764,0.636942675,1.910828025,20.06369427,2017,-82.5932,27.5695
92,"s17",0,2.263157895,0,NA,28.57894737,0,28.57894737,NA,0,0.315789474,NA,NA,NA,NA,0,1.947368421,0,0.421052632,32.31578947,0,4274.631579,0,0,0,0,0,0,0,3.578947368,12.42105263,NA,16.73684211,501.8947368,0,0.052631579,NA,0,0,0,0,0,118.5263158,0,0,0,0.320512821,0.320512821,18.58974359,4.807692308,21.15384615,2017,-82.1378,27.5709
94,"s11",0.05,0.65,0.1,NA,1.5,0,31.55,NA,0,0,NA,NA,NA,NA,0,1.55,0,9.2,1.95,0,1899.75,0,0,0,0,0,0,0,0,0.3,NA,0.05,25.9,0,11.15,NA,0,0.1,0,0,0,3.6,0,0,0,3.215434084,41.47909968,9.003215434,4.501607717,23.79421222,2017,-82.504,27.574
96,"s15",0.085714286,1.285714286,0,NA,72,0,8.771428571,NA,10.31428571,0,NA,NA,NA,NA,0,4.142857143,0,2.685714286,58.31428571,0,8341.4,0.057142857,0,0,0,0,0,0,0.085714286,0.171428571,NA,1.371428571,63.31428571,0,107.6857143,NA,1.285714286,0.571428571,0.914285714,0,0,132.9714286,0,0,0,0,13.37579618,26.11464968,4.140127389,19.42675159,2017,-82.42,27.575
98,"s16",0,0,0,NA,1.526315789,0,0.263157895,NA,0.052631579,0,NA,NA,NA,NA,0,0,0,14.31578947,18.10526316,0,1070.315789,0,0,0,0,0,0,0.210526316,0,0.421052632,NA,0.526315789,94.15789474,0,0.842105263,NA,0.157894737,0.789473684,0.947368421,0,0,25.15789474,0,0,0,0,0,21.58730159,4.126984127,16.50793651,2017,-82.3548,27.5776
99,"s12",0,0,0.068965517,NA,5.068965517,0,73.65517241,NA,0,2.775862069,NA,NA,NA,NA,0,4.965517241,2.293103448,4.655172414,146.7413793,0,2046.689655,0,0,0,0,0,0,0,8.379310345,10.67241379,NA,0.120689655,72.70689655,0,7.568965517,NA,0.017241379,2.172413793,1.189655172,0,0,122.4827586,0,0,0,3.797468354,27.53164557,23.41772152,4.113924051,24.36708861,2017,-82.484,27.578
102,"s9",0.481012658,0.962025316,0,NA,3.291139241,0,520.5189873,NA,0.088607595,1.265822785,NA,NA,NA,NA,0,2.227848101,0,0.227848101,19.72151899,0,540.7974684,0.012658228,0.050632911,0,0,0,0,0,0.075949367,0.582278481,NA,0.063291139,18.79746835,0,11.44303797,NA,0.278481013,0.455696203,0.025316456,0,0,20.24050633,0,0,0,15.09433962,33.64779874,5.974842767,1.257861635,25.78616352,2017,-82.548,27.5909
104,"s7",0,0,0,NA,3.45,0,0.1,NA,0,0.25,NA,NA,NA,NA,0,0.85,0.1,3.1,30.55,0,271.3,0,0,0,0,0,0,0,0.25,17.95,NA,1.3,380.75,0,0,NA,0,0,0,0,0,40.85,0,0,0,0,8.860759494,17.72151899,0.949367089,15.50632911,2017,-82.2,27.591
106,"s8",0.736842105,0.631578947,0,NA,3.342105263,0,374.2894737,NA,0.013157895,0,NA,NA,NA,NA,0,3.723684211,0.605263158,0.315789474,9.842105263,0,827.2236842,0,0,0,0,0,0,0,1.223684211,4.026315789,NA,0.328947368,49.48684211,0,0.407894737,NA,0.013157895,0.223684211,0,0,0,5.197368421,0,0,0,9.17721519,38.92405063,17.08860759,0.316455696,19.62025316,2017,-82.536,27.603
107,"s5",0,0,0,NA,5.2,0,3.75,NA,0,0,NA,NA,NA,NA,0,66.65,2.1,6.75,171.5,0,4225.2,0,0,0,0,0,0,0,32.05,49.35,NA,11.3,470.55,0,0.2,NA,0.15,2.7,0.55,0,0,394.2,0,0,0,0.316455696,1.582278481,21.20253165,12.65822785,11.07594937,2017,-82.098,27.603
110,"s6",0,0,0,NA,36.90909091,0,0.772727273,NA,0.045454545,0,NA,NA,NA,NA,0,41.68181818,3.772727273,0,474.0454545,0,5356.909091,0,0,0,0,0,0,0,14.86363636,194.2727273,NA,12.77272727,1381.818182,0,0,NA,2.090909091,2.363636364,0,0,0,1352.954545,0,0,0.136363636,0,0,19.24290221,5.678233438,20.82018927,2017,-82.124,27.613
113,"s2",0,0.012195122,0.804878049,NA,5.292682927,0,628.2682927,NA,0,2.243902439,NA,NA,NA,NA,0,12.13414634,0.170731707,1.792682927,46.97560976,0,1624.097561,0,0,0,0,0,0,0,14.73170732,16.86585366,NA,0.536585366,128.7195122,0,4.634146341,NA,0.097560976,0,0,0,0,107.097561,0,0,0,11.11111111,26.98412698,25.3968254,1.904761905,18.0952381,2017,-82.535,27.616
115,"s3",0,0,0,NA,10.78481013,0,264.6835443,NA,0,1.341772152,NA,NA,NA,NA,0,3.139240506,0.037974684,2.291139241,96.6835443,0,2194.189873,0,0,0,0,0,0,0,10.44303797,15.94936709,NA,14.92405063,784.8101266,0,14.53164557,NA,1.392405063,1.949367089,0.962025316,0,0,71.6835443,0,0,0.037974684,0.949367089,22.15189873,27.21518987,3.797468354,8.544303797,2017,-82.497,27.628
117,"s4",0,0,0,NA,0.681818182,0,26.04545455,NA,0,0,NA,NA,NA,NA,0,0.727272727,0,1.454545455,11.81818182,0,1277.772727,0,0,0,0,0,0,0,0,0.954545455,NA,4.409090909,746.6818182,0,0,NA,0,0,0,0,0,27,0,0,0,0.320512821,10.57692308,21.47435897,4.487179487,11.21794872,2017,-82.417,27.639
120,"s1",0.05,0.0125,2.375,NA,3.5625,0,913.35,NA,0,0,NA,NA,NA,NA,0,2.725,0,1.1875,44.7375,0,1862.95,0,0,0,0,0,0,0,0.5375,1.1875,NA,0.0875,39.85,0,1.8,NA,0.0125,0.675,0.2125,0,0,24.5875,0,0,0,43.03797468,10.12658228,14.24050633,2.53164557,17.72151899,2017,-82.553,27.64
1,"s60",0,0.055555556,0,NA,0,0,0.055555556,NA,0,0.055555556,NA,NA,NA,NA,NA,0.055555556,0.055555556,0.777777778,23.72222222,0.111111111,618.4444444,0,NA,0,NA,0,0,0,0.222222222,1.666666667,NA,0.166666667,176.2777778,0,1.666666667,NA,0,12.77777778,0.055555556,0,0,55.61111111,0,0,0,0.316455696,0,7.278481013,9.17721519,16.4556962,2019,-82.1165,27.273
3,"s59",0,0,0,NA,0,0,0,NA,0,0,NA,NA,NA,NA,NA,0.4,1.35,2.5,27.9,0,738.5,0,NA,0,NA,0,0,0.15,1.85,21.05,NA,8.2,185.05,0,1.15,NA,0,0.2,0,0,0,23.15,0,0,0,0.641025641,0,3.525641026,6.730769231,32.37179487,2019,-82.23,27.287
5,"s58",1.361445783,4.831325301,0,NA,2.120481928,0.048192771,0.228915663,NA,0.734939759,1.698795181,NA,NA,NA,NA,NA,2.506024096,1.626506024,4.626506024,58.31325301,0.795180723,2674.012048,0,NA,0,NA,0,0,1.048192771,2.578313253,24.28915663,NA,0.096385542,139.4337349,0,2.469879518,NA,0.012048193,0.590361446,0,0,0,18.93975904,0.554216867,0,0,0.955414013,12.7388535,14.01273885,12.42038217,14.64968153,2019,-82.2435,27.3471
7,"s57",0.0875,0.2625,0,NA,0.7,0,0.1,NA,0.125,0,NA,NA,NA,NA,NA,2.2625,0.025,1.3875,16.975,0,858.85,0.5,NA,0,NA,0.075,0,0.275,0.9625,2.8,NA,0.175,198.65,0,0.15,NA,0.1,0.3875,0,0,0,19.2625,0,0,0.0125,0.318471338,1.910828025,5.732484076,5.414012739,14.01273885,2019,-82.158,27.35
10,"s53",0.15,1.45,0,NA,4.95,0,2.6,NA,0.65,0.1,NA,NA,NA,NA,NA,2.05,0.1,6.7,16.85,0.15,377.85,0.1,NA,0,NA,0,0,0.7,0.5,0.65,NA,0,0.65,0,2.15,NA,0,0.2,0,6.05,0,16.95,0.3,0,0,1.26984127,96.82539683,0,0.317460317,0,2019,-82.504,27.407
12,"s54",0,1.15,0,NA,0,0,0.15,NA,0.35,0,NA,NA,NA,NA,NA,0.05,0,0.6,4.75,0,532.9,0,NA,0,NA,0,0,0,0.05,0.9,NA,0.35,172.3,0,0.15,NA,0,0.25,0,0,0,15,0,0,0,0,2.572347267,5.466237942,3.215434084,16.72025723,2019,-82.304,27.408
14,"s56",0,0,0,NA,0.052631579,0,0,NA,0.052631579,0,NA,NA,NA,NA,NA,0.684210526,0,2.789473684,15.52631579,0,497.3157895,0,NA,0,NA,0,0,0,0,1.526315789,NA,0.842105263,178.3684211,0,0,NA,0,0.157894737,0,0,0,23.63157895,0,0,0,0.638977636,1.916932907,7.348242812,8.626198083,15.33546326,2019,-82.2603,27.4081
16,"s55",0.0125,0.075,0,NA,0.125,0,0.0375,NA,0,0,NA,NA,NA,NA,NA,0.0875,0,0.5,2.7125,0.1,154.3625,0.125,NA,0,NA,0,0,0,0.025,0.8,NA,0.1875,69.6,0,0,NA,0.0125,0.1625,0.0125,0,0,11.1375,0,0,0,0,3.174603175,8.888888889,3.174603175,13.65079365,2019,-82.2876,27.4122
18,"s44",0,0,0,NA,1.117647059,0,1.705882353,NA,0.235294118,0,NA,NA,NA,NA,NA,2.941176471,0.764705882,4.764705882,15.17647059,0,345.4705882,0,NA,0,NA,0,0,0,0.705882353,1.941176471,NA,0,4.705882353,0,0,NA,0,0,0,0,0,9.823529412,0,0,0,2.848101266,58.86075949,0.632911392,3.797468354,5.379746835,2019,-82.4262,27.4195
20,"s47",0,0.55,0,NA,0.7,0,5.2,NA,0,0.3,NA,NA,NA,NA,NA,5.55,4.15,3.7,164.55,0.25,346.8,0,NA,0,NA,0,0,0.1,8.4,21.85,NA,0,4.05,0,0,NA,0,0.25,0.65,0,0,68.9,0,0,0,5.431309904,90.09584665,0,0.958466454,1.597444089,2019,-82.48,27.42
23,"s49",0.166666667,0.777777778,0,NA,0.277777778,0,3.222222222,NA,0,0,NA,NA,NA,NA,NA,0.388888889,0.111111111,2.777777778,1.277777778,0.055555556,220.6666667,0.055555556,NA,0,NA,0,0,0,2.444444444,2.388888889,NA,0.055555556,3.833333333,0,0,NA,0,0,0,0,0,2.277777778,0,0,0,0.634920635,96.19047619,0,0.634920635,0,2019,-82.525,27.427
26,"s40",0,0.85,0,NA,1.9,0,3.6,NA,1.3,0.6,NA,NA,NA,NA,NA,6.4,0.2,0.1,11.9,0,485,3.7,NA,0,NA,0,0,1.85,1.25,12.5,NA,0.2,376.55,0,2.65,NA,0,1.1,0.1,0,0,42.25,1.85,0,1.85,0,7.073954984,6.752411576,4.180064309,21.22186495,2019,-82.133,27.427
28,"s43",0,1.842105263,0,NA,0,0,0.105263158,NA,0,0.578947368,NA,NA,NA,NA,NA,1.421052632,0,9.263157895,27.21052632,0,764.2105263,0,NA,0,NA,0,0.052631579,0,0.315789474,1.210526316,NA,0.052631579,43.21052632,0,0.631578947,NA,0.263157895,0.210526316,0,0,0,5.368421053,0,0,0,1.607717042,20.90032154,9.646302251,2.893890675,13.50482315,2019,-82.3911,27.4358
31,"s46",0,3,0,NA,1.888888889,0,2.722222222,NA,1.277777778,0.166666667,NA,NA,NA,NA,NA,5.055555556,0.166666667,9.055555556,4.111111111,0,379.8888889,0.055555556,NA,0,NA,0,0,0.222222222,0.166666667,1.055555556,NA,0,5.111111111,0,1.388888889,NA,0.333333333,0.111111111,0,0,0,26.38888889,0,0,0,2.229299363,67.51592357,0.318471338,5.732484076,3.821656051,2019,-82.439,27.439
32,"s50",1.7,0.15,0,NA,0.3,0,0.75,NA,0,0,NA,NA,NA,NA,NA,0.35,0,5.9,0.5,0,33.65,0.05,NA,0,NA,0,0,0,0.05,0.35,NA,0,0.8,0,0.05,NA,0,0,0,0,0,0.45,0,0,0,1.587301587,97.46031746,0,0.317460317,0,2019,-82.5489,27.4394
36,"s51",0,0,0,NA,2.526315789,0,47.36842105,NA,0,0,NA,NA,NA,NA,NA,0.421052632,0,1.473684211,9.526315789,0,1295.684211,2.578947368,NA,0,NA,0,0,0,0.157894737,0.684210526,NA,0,4.315789474,0,0.263157895,NA,0,1.631578947,0,0,0,322.4210526,0,0,0,12.17948718,81.08974359,0,0.641025641,2.243589744,2019,-82.6205,27.4472
40,"s41",0,0.342105263,0,NA,12.73684211,0.026315789,4.763157895,NA,0.328947368,0.776315789,NA,NA,NA,NA,NA,1.118421053,0,2.789473684,16.44736842,0.657894737,770.6973684,0.131578947,NA,0,NA,0,0,0,0.539473684,3.223684211,NA,0.355263158,105.25,0,30.38157895,NA,0.092105263,1.144736842,0.013157895,0,0,51.82894737,0,0,0,8.917197452,4.140127389,29.61783439,2.547770701,12.10191083,2019,-82.304,27.464
42,"s52",39.68421053,0,0,NA,0,0,73.78947368,NA,0,0,NA,NA,NA,NA,NA,0,0,0,0.105263158,0,40.52631579,0.052631579,NA,0,NA,0,0,0,0,0,NA,0,0.421052632,0,0.421052632,NA,0,0,0,0,0,0.157894737,0,0,0,68.86792453,19.49685535,0,2.51572327,5.031446541,2019,-82.6843,27.4685
44,"s32",2.2,0.45,0,NA,5,0,6.15,NA,0.4,0,NA,NA,NA,NA,NA,0.45,0,3.5,0.25,0,221.1,0,NA,0,NA,0,0,0,0.05,1.35,NA,0,5.4,0,7.15,NA,0,0.95,0,0.45,0,9.95,0,0,0,5.063291139,93.03797468,0,0.316455696,0.632911392,2019,-82.524,27.47
46,"s39",0,0,0,NA,1.674698795,0,2.542168675,NA,0.385542169,0.698795181,NA,NA,NA,NA,NA,3.036144578,0.204819277,5.144578313,37.45783133,1.265060241,1112.180723,0.43373494,NA,0,NA,0,0,1.072289157,1.602409639,5.746987952,NA,5.012048193,285.2289157,0,1.084337349,NA,0.084337349,0.072289157,0,0,0,20.90361446,0,0,0,0.949367089,9.810126582,25.63291139,8.544303797,11.70886076,2019,-82.17,27.471
49,"s36",0,0.1,0,NA,0,0,5.7,NA,0,5.65,NA,NA,NA,NA,NA,0,0.05,0.75,5.5,0,1074.65,11.7,NA,0,NA,0,0,0,1.7,3.85,NA,0.6,336.05,0,0,NA,0.05,0,0,0,0,22.55,0,0,0,17.94871795,3.525641026,21.79487179,2.243589744,10.25641026,2019,-82.324,27.475
50,"s30",10.5,0,0,NA,0,0,0.611111111,NA,0,0,NA,NA,NA,NA,NA,0.055555556,0,2.277777778,0.666666667,0,86.33333333,0.055555556,NA,0,NA,0,0,0,0,0.166666667,NA,0,1.055555556,0,0,NA,0,0,0,0,0.111111111,1.944444444,0,0,0,1.265822785,98.73417722,0,0,0,2019,-82.5513,27.4751
54,"s33",0.0625,0.75,0,NA,2.1875,0,6.5625,NA,2.0625,5.8125,NA,NA,NA,NA,NA,0.375,0,34.625,34.875,1.0625,1264.4375,2.125,NA,0,NA,0,0,0,1.625,7.0625,NA,0,2.3125,0,16.125,NA,0,2.5,0,0.1875,0,59.375,0,0,0,8.064516129,84.51612903,0,0.967741935,1.290322581,2019,-82.4804,27.4813
56,"s34",0,2.05,0,NA,2.6,0,5.25,NA,0,0,NA,NA,NA,NA,NA,0.9,0.5,5.3,11.75,0,455.1,0.05,NA,0,NA,0,0,0.05,0.8,2.65,NA,0,16.75,0,2.85,NA,0,2.75,0.05,0,0,10.15,0,0,0,2.201257862,31.13207547,5.660377358,5.660377358,15.09433962,2019,-82.402,27.485
58,"s29",4.368421053,0,0,NA,0.052631579,0,2.421052632,NA,0,0,NA,NA,NA,NA,NA,0.052631579,0,0,0.052631579,0,5.157894737,0,NA,0,NA,0,0,0,0,0,NA,0,0.210526316,0,0,NA,0,0,0,0.052631579,0.052631579,0.105263158,0,0,0,18.61198738,81.07255521,0,0,0,2019,-82.592,27.489
60,"s35",0,0,0,NA,1.722222222,0,0.166666667,NA,0,0.055555556,NA,NA,NA,NA,NA,0.722222222,0.055555556,1.166666667,3.666666667,0,155.0555556,1.777777778,NA,0,NA,0,0,3.555555556,0.666666667,6.166666667,NA,0.055555556,32.55555556,0,0,NA,0,0.5,0.055555556,0,0,11.11111111,0,0,0,12.5,13.46153846,8.974358974,3.205128205,16.98717949,2019,-82.3617,27.4894
63,"s38",0,0.13559322,0.118644068,NA,7.474576271,0,6.762711864,NA,0.152542373,0.016949153,NA,NA,NA,NA,NA,13.74576271,4.06779661,1.593220339,47.40677966,0,1399.932203,7.762711864,NA,0,NA,0,0,0,10.88135593,88.71186441,NA,1,248.220339,0,4.305084746,NA,0.050847458,0,0,0,0,139.6949153,1.220338983,0,0,9.904153355,0.958466454,25.55910543,1.277955272,4.792332268,2019,-82.3086,27.4967
66,"s26",3.75,0,0,NA,0.1,0,337.85,NA,0,0,NA,NA,NA,NA,NA,3.2,0.2,0,0.5,0,176.9,0,NA,0,NA,0,0,0,0,0,NA,0,22.65,0,0,NA,0,0,0,0,0,1.6,0,0,0,35.57692308,47.75641026,0,0.320512821,12.5,2019,-82.6574,27.5031
68,"s27",0,0,11.7,NA,0.1,5.45,288.7,NA,0.3,0.25,NA,NA,NA,NA,NA,8.85,0,0,6.25,1.25,125.05,0,NA,0,NA,0,0,0,0,0,NA,0,16.95,0,0,NA,0,0.5,0,0,0,5.15,0,0,0,67.50788644,16.08832808,0,0.630914826,11.35646688,2019,-82.6835,27.5111
70,"s25",0,0.15,0,NA,0.8,0,35.9,NA,0,0,NA,NA,NA,NA,NA,2.1,0,3.35,7.9,0,116.35,0,NA,0,NA,0,0,0,4.15,3.6,NA,0,61.85,0,0,NA,0,0,0,0,0,3.75,0,0,0,9.935897436,30.12820513,6.41025641,10.25641026,15.38461538,2019,-82.432,27.513
71,"s23",1.05,1,0,NA,0.6,0,92.15,NA,0,0,NA,NA,NA,NA,NA,1.05,0.1,13.35,13.8,0.25,406.1,0.15,NA,0,NA,0,0,0,6.4,11.8,NA,0,32.75,0,0,NA,0,0,0,0,0,22.65,0,0,0,32.80757098,62.14511041,0,0.94637224,0,2019,-82.538,27.516
78,"s20",0.153846154,0,0,NA,0.430769231,0,66.38461538,NA,0.276923077,0,NA,NA,NA,NA,NA,0.461538462,0.015384615,0.015384615,1.6,0.076923077,179.3384615,0,NA,0,NA,0,0,0,1,6.984615385,NA,0,55.95384615,0,0,NA,0,1.153846154,0.076923077,0,0,2.984615385,0,0,0,71.11111111,20.31746032,0,0.317460317,6.666666667,2019,-82.6282,27.532
81,"s61",1.1,0.05,0,NA,0,0,1.65,NA,0,0.05,NA,NA,NA,NA,NA,0,0,0.7,0,0,7.6,0.05,NA,0,NA,0,0,0,0,0,NA,0,1.95,0,0,NA,0,0,0,0,0,0.95,0,0,0,4.761904762,87.61904762,0,1.904761905,0.952380952,2019,-82.5657,27.5333
82,"s18",0,0,0,NA,7.35,0,22,NA,0.3,0,NA,NA,NA,NA,NA,0.65,0,0.35,23.8,0,872.05,13.15,NA,0,NA,0,0,0,0,0.3,NA,0.05,213.15,0,2.6,NA,0,0.5,0,0,0,25.7,0,0,0,0,0.317460317,32.6984127,1.904761905,6.031746032,2019,-82.353,27.549
84,"s19",0,1.526315789,0,NA,8.947368421,0,57.10526316,NA,0.684210526,0,NA,NA,NA,NA,NA,11,0.210526316,14.78947368,15.15789474,0,366.6315789,0.789473684,NA,0,NA,0,0,0.157894737,1.368421053,2.315789474,NA,19.42105263,20.68421053,0,6.578947368,NA,0.157894737,1.210526316,0.526315789,0,0,25.15789474,0,0,0,3.164556962,78.16455696,0,3.164556962,3.481012658,2019,-82.546,27.554
86,"s13",0,0,0,NA,1.842105263,0,56.78947368,NA,0,0,NA,NA,NA,NA,NA,4.684210526,2.421052632,2.578947368,141.1052632,0,1052.736842,0.210526316,NA,0,NA,0,0,2.052631579,15.47368421,31.94736842,NA,0,6.736842105,0,3.473684211,NA,0,2.947368421,7.157894737,0,0,34.84210526,0,0,0,2.236421725,41.85303514,10.22364217,4.47284345,22.36421725,2019,-82.4803,27.565
88,"s14",0.097560976,0.548780488,0,NA,1.146341463,0,14.69512195,NA,0.024390244,0,NA,NA,NA,NA,NA,0.207317073,0.036585366,0.5,15.14634146,0,521.8536585,0.158536585,NA,0.012195122,NA,0,0.012195122,1.475609756,0.256097561,0.317073171,NA,0.073170732,51.54878049,0,3.243902439,NA,0.012195122,0.390243902,0.024390244,0,0,3.634146341,0,0,0.012195122,0.317460317,25.07936508,24.44444444,2.857142857,14.28571429,2019,-82.425,27.565
90,"s10",0.111111111,0,0.111111111,NA,0,0,29.66666667,NA,0.111111111,0,NA,NA,NA,NA,NA,0.055555556,0,0.055555556,0.5,0,10,0,NA,0,NA,0,0,0,0,0,NA,0,9.444444444,0,0,NA,0,0,0,0,0,0.555555556,0,0,0,57.6433121,7.643312102,0.636942675,1.910828025,19.74522293,2019,-82.5932,27.5695
92,"s17",0,0,0,NA,1.5,0,0.5,NA,0,2.5,NA,NA,NA,NA,NA,0.5,7.333333333,0.5,79.22222222,0.277777778,1165.111111,0,NA,0,NA,0,0,0,18.94444444,46.5,NA,0.722222222,170.5555556,0,0.055555556,NA,0,0,0,0,0,24.88888889,0,0,0,0.320512821,0.320512821,18.58974359,4.807692308,21.15384615,2019,-82.1378,27.5709
94,"s11",0,0.368421053,0,NA,1,0,72.84210526,NA,0,0,NA,NA,NA,NA,NA,1.736842105,0.157894737,15.26315789,10,0,1105.578947,0.105263158,NA,0,NA,0,0,0,0.315789474,0.210526316,NA,0,12.47368421,0,11.15789474,NA,0,1.368421053,0.105263158,0,0,2.947368421,0,0,0,3.215434084,43.72990354,6.752411576,4.501607717,23.79421222,2019,-82.504,27.574
96,"s15",0,1.261904762,0,NA,9.452380952,1.214285714,36.8452381,NA,1.511904762,0,NA,NA,NA,NA,NA,2.166666667,1.297619048,1.797619048,9.976190476,0.023809524,663.8214286,0,NA,0,NA,0,0,1.178571429,0.738095238,1.107142857,NA,0.404761905,26.36904762,0,17.42857143,NA,0.083333333,4.666666667,0.726190476,0,0.011904762,44.82142857,0,0,0.797619048,0,14.01273885,26.11464968,4.140127389,19.42675159,2019,-82.42,27.575
98,"s16",0,0,0,NA,7.35,0,22,NA,0.3,0,NA,NA,NA,NA,NA,0.65,0,0.35,23.8,0,872.05,13.15,NA,0,NA,0,0,0,0,0.3,NA,0.05,213.15,0,2.6,NA,0,0.5,0,0,0,25.7,0,0,0,0,0,21.58730159,4.126984127,16.50793651,2019,-82.3548,27.5776
99,"s12",0,0,0,NA,0.098360656,0,140.7868852,NA,0,0.163934426,NA,NA,NA,NA,NA,3.819672131,8.754098361,8.967213115,102.9508197,0.62295082,1019.016393,3.475409836,NA,0,NA,0,0,1.672131148,7.459016393,19.36065574,NA,0.196721311,31.29508197,0,0.672131148,NA,0,2.508196721,0.491803279,0,0,50.49180328,0,0,0,3.797468354,29.43037975,22.15189873,4.113924051,24.05063291,2019,-82.484,27.578
102,"s9",0.047619048,0.178571429,0,NA,0.30952381,0,512.4642857,NA,0.083333333,0,NA,NA,NA,NA,NA,4.416666667,0.285714286,0.94047619,26.61904762,0.511904762,395.1785714,0.154761905,NA,0,NA,0,0,0,0.583333333,1.464285714,NA,0,13.9047619,0,5.630952381,NA,0.071428571,0.952380952,0.130952381,0,0,63,0,0,0,15.09433962,34.59119497,5.34591195,1.257861635,25.47169811,2019,-82.548,27.5909
104,"s7",0,0,0,NA,0.210526316,0,0,NA,0,0,NA,NA,NA,NA,NA,0,0.157894737,0.052631579,13.15789474,0,30.78947368,0,NA,0,NA,0,0,0.526315789,0.210526316,2.894736842,NA,0.052631579,57.10526316,0,0,NA,0,0.210526316,0,0,0,8.263157895,0,0,0,0,8.860759494,17.72151899,0.949367089,15.50632911,2019,-82.2,27.591
106,"s8",0,0.421686747,0.012048193,NA,0.060240964,0.060240964,248.3012048,NA,0.096385542,0,NA,NA,NA,NA,NA,4.554216867,0.024096386,0.626506024,12.38554217,1.819277108,204.9638554,0,NA,0,NA,0,0,0,0.602409639,3.21686747,NA,10.4939759,17.06024096,0,0,NA,0.024096386,0.024096386,0,0,0,6.493975904,0,0,0,9.17721519,44.93670886,11.39240506,0.316455696,19.30379747,2019,-82.536,27.603
107,"s5",0,0,0,NA,3.315789474,0,0.894736842,NA,0,0,NA,NA,NA,NA,NA,21.26315789,27.21052632,5.210526316,154.2631579,1.578947368,649.2631579,0,NA,0.263157895,NA,0,0,0.789473684,10.31578947,115.4210526,NA,3.105263158,290.7894737,0,0.263157895,NA,0.263157895,0,0,0,0,221.3157895,0,0,0,0.316455696,1.582278481,21.20253165,12.65822785,11.07594937,2019,-82.098,27.603
110,"s6",0,0,0,NA,17.55555556,0,0,NA,3.388888889,0,NA,NA,NA,NA,NA,93.44444444,187.3333333,19.22222222,512.1666667,0.5,2006.944444,0,NA,0,NA,0,0,2.5,153.4444444,462.8888889,NA,22.88888889,346.0555556,0,0,NA,0,0,0,0,0,1701.666667,0,0,0,0,0,19.24290221,5.678233438,20.82018927,2019,-82.124,27.613
113,"s2",0,1.964285714,0,NA,0.154761905,0,625.4166667,NA,0,0.107142857,NA,NA,NA,NA,NA,10.78571429,1.30952381,2.511904762,57.42857143,0.345238095,837.0238095,0,NA,0,NA,0,0,0,17.47619048,20.85714286,NA,0.023809524,100.0238095,0.511904762,0.44047619,NA,0.702380952,1.154761905,0,0,0,31.52380952,0,0,0,11.11111111,33.01587302,19.68253968,1.904761905,17.77777778,2019,-82.535,27.616
115,"s3",0,0,0,NA,2.484848485,0.893939394,643.7878788,NA,0.303030303,3.46969697,NA,NA,NA,NA,NA,9.257575758,0.303030303,10.10606061,111.3030303,2.409090909,1627.121212,0.378787879,NA,0,NA,0,0,0.575757576,10.04545455,18.93939394,NA,0.378787879,646.8636364,0,0.878787879,NA,0.045454545,8.575757576,4.378787879,0,0,139.2272727,0,0,0,0.949367089,25,25.63291139,3.797468354,8.544303797,2019,-82.497,27.628
117,"s4",0,0,0,NA,0.210526316,0,143.8421053,NA,0,0,NA,NA,NA,NA,NA,0.210526316,0.052631579,3.157894737,8.789473684,0,406.7368421,0.157894737,NA,0,NA,0,0,0,0.473684211,3.526315789,NA,0.421052632,235.8947368,0,0.368421053,NA,0,0,0,0,0,10.47368421,0,0,0,0.320512821,10.8974359,21.47435897,4.487179487,11.21794872,2019,-82.417,27.639
120,"s1",0,0,0.180722892,NA,0.397590361,0,1052.975904,NA,0,0,NA,NA,NA,NA,NA,2.710843373,0,0.289156627,95.26506024,124.5060241,1912.289157,1.963855422,NA,0,NA,0,0,0,2.036144578,9.530120482,NA,0,15.01204819,0,3.819277108,NA,0.036144578,1.036144578,0,0,0,56.38554217,0,0,0,43.03797468,11.70886076,12.65822785,2.53164557,17.72151899,2019,-82.553,27.64
1,"s60",0.714285714,2.607142857,NA,0,3.357142857,0,0,0,2.285714286,5.821428571,NA,0,0,0,0,3.464285714,0.357142857,1.571428571,41.89285714,0.607142857,527.4642857,0.142857143,0,NA,NA,NA,0,0,0.285714286,5.607142857,0,12.78571429,85,0,0.321428571,0,0.035714286,10.39285714,0.178571429,0,0,38.21428571,0.035714286,0,0,0.316455696,0,7.278481013,9.17721519,16.4556962,2020,-82.1165,27.273
3,"s59",0,0,NA,0,3.892857143,0,0,0,0,4.464285714,NA,0,0,0,0,0.535714286,1.25,0,21.39285714,0.214285714,433.8214286,2.035714286,0,NA,NA,NA,0,0,3.571428571,26.46428571,0,0.821428571,70.57142857,0,0.821428571,0,0,0.214285714,0.178571429,0,0,19.28571429,0,0,0,0.641025641,0,3.525641026,6.730769231,32.37179487,2020,-82.23,27.287
5,"s58",1.170454545,1.761363636,NA,0,6.318181818,0.443181818,0.045454545,0,0.284090909,26.76136364,NA,0,0,0,0,0.920454545,6.806818182,3.602272727,89.48863636,0.397727273,2107.886364,2.136363636,1,NA,NA,NA,0,0,12.17045455,50.17045455,0,1.352272727,64.81818182,0,0.920454545,0,0.045454545,1.363636364,0.534090909,0.170454545,0,22.04545455,0.886363636,0.193181818,0.011363636,0.955414013,12.7388535,14.01273885,12.42038217,14.33121019,2020,-82.2435,27.3471
7,"s57",0.129411765,0.505882353,NA,0,2.835294118,0,0,0,0.070588235,3.576470588,NA,0,0,0,0,3.235294118,0.576470588,1.694117647,13.17647059,0.282352941,431.0823529,1.847058824,0.564705882,NA,NA,NA,0,0.058823529,0.294117647,4.647058824,0,0.964705882,42.83529412,0,1.011764706,0,0.011764706,0.741176471,0.011764706,0,0,22.72941176,0.423529412,0,0,0.318471338,1.910828025,5.732484076,5.414012739,14.01273885,2020,-82.158,27.35
10,"s53",0.142857143,0.25,NA,0,12.57142857,0,0.178571429,0,0.035714286,9.357142857,NA,0,0,0,0,0.892857143,0,0.5,24.5,0,104.1785714,0.607142857,0,NA,NA,NA,0,0.035714286,0.035714286,0.964285714,0,0,0.107142857,0,0.214285714,0,0,0.607142857,0.071428571,0.071428571,0,9.571428571,3.75,0,0,1.26984127,97.14285714,0,0.317460317,0,2020,-82.504,27.407
12,"s54",0.142857143,0.25,NA,0,6.214285714,0,0.107142857,0,0.035714286,18.85714286,NA,0,0,0,0,0.714285714,0.035714286,1.25,11.57142857,0,273.8214286,0.25,0,NA,NA,NA,0.928571429,0,0.285714286,0.857142857,0,0.142857143,34.42857143,0,0.357142857,0,0,0.607142857,0.071428571,0,0,7.821428571,3.071428571,0,0,0,3.536977492,5.466237942,3.215434084,16.72025723,2020,-82.304,27.408
14,"s56",1.407407407,0.037037037,NA,0,3.925925926,0,0,0,0,30.25925926,NA,0,0,0,0,1.851851852,0,0.037037037,10.62962963,0,170.6666667,0.037037037,0.037037037,NA,NA,NA,0,0,0.111111111,3.222222222,0,1.592592593,37.66666667,0,0,0,0,0.62962963,0,0,0,8.148148148,0.111111111,0,0,0.638977636,1.916932907,7.348242812,8.626198083,15.33546326,2020,-82.2603,27.4081
16,"s55",0.053333333,0.106666667,NA,0,0.133333333,0,0.066666667,0,0,0.92,NA,0,0,0,0,0.066666667,0.026666667,0.013333333,1.626666667,0,25.14666667,0.08,0,NA,NA,NA,0,0,0.066666667,0.533333333,0,0.106666667,14.56,0,0.04,0,0.013333333,0.053333333,0,0,0,2.04,0.026666667,0,0,0,4.126984127,8.888888889,3.174603175,13.65079365,2020,-82.2876,27.4122
18,"s44",0,0.392857143,NA,0,2.392857143,0,0.857142857,0,0,0.607142857,NA,0,0,0.035714286,0,11.25,0.928571429,2.035714286,20.82142857,0,236.25,0,0,NA,NA,NA,0,0.857142857,0.535714286,6.928571429,0,0.035714286,2.321428571,0,0.678571429,0,0,0,0,0,0,16.25,0.035714286,0,0,2.848101266,61.07594937,0,3.797468354,5.063291139,2020,-82.4262,27.4195
20,"s47",0.25,0,NA,0,4.892857143,0,5.214285714,0,0,4.928571429,NA,0,0,0,0,10.82142857,4.392857143,1.642857143,183.75,0.857142857,143.4285714,0.25,0,NA,NA,NA,0,0,3.928571429,17.25,0,0,1,0,0.964285714,0,0,0,0,0,0,65.46428571,0.214285714,0,0,5.431309904,90.41533546,0,0.958466454,1.277955272,2020,-82.48,27.42
23,"s49",0.571428571,0.428571429,NA,0,2.142857143,0.035714286,0.607142857,0,0,1.392857143,NA,0,0,0,0,0.321428571,0.178571429,0.25,3.892857143,0,53.75,0.142857143,0,NA,NA,NA,0,0,0.535714286,1.214285714,0,0.178571429,3.964285714,0,0,0,0,0,0,0,0,4,0.428571429,0,0,0.634920635,96.50793651,0,0.634920635,0,2020,-82.525,27.427
26,"s40",0,0.107142857,NA,0,4.642857143,0.285714286,0.642857143,0,0,2.285714286,NA,0,0,0,0,2.857142857,0.214285714,0.25,6.571428571,0,142,0.928571429,0.107142857,NA,NA,NA,0,0.285714286,0.678571429,2.785714286,0,0.142857143,24.32142857,0,0,0,0.071428571,1.035714286,0,0,0,48.60714286,0.821428571,0,0,0,7.073954984,7.073954984,4.180064309,20.90032154,2020,-82.133,27.427
28,"s43",0.185185185,0.185185185,NA,0,0.296296296,0,0.037037037,0,0,0.518518519,NA,0,0,0,0,0.222222222,0,1.62962963,7.777777778,0,91.25925926,0.481481481,0,NA,NA,NA,0,0,0.481481481,0.925925926,0,0.148148148,2.777777778,0,0.777777778,0,0.037037037,0.407407407,0.259259259,0,0,11.18518519,0.333333333,0,0,1.607717042,22.18649518,9.003215434,2.893890675,13.50482315,2020,-82.3911,27.4358
31,"s46",0,1.071428571,NA,0,11.75,0,1.321428571,0,1.464285714,2.678571429,NA,0,0,0,0,3.035714286,0.678571429,4,10,0,171.3214286,0.035714286,0,NA,NA,NA,0,0,0.25,1.428571429,0,0.035714286,3.642857143,0,2.5,0,0.142857143,0,0,0,0,24.71428571,5.357142857,0,0,2.229299363,68.78980892,0,5.414012739,3.503184713,2020,-82.439,27.439
32,"s50",1.074074074,0.037037037,NA,0,0.666666667,0,0.222222222,0,0,0.518518519,NA,0.037037037,0,0,0,0.185185185,0,1.555555556,1.185185185,0,10.40740741,0.185185185,0,NA,NA,NA,0,0,0.037037037,0.703703704,0,0,0.148148148,0,0.074074074,0,0,0,0,0,0,1.111111111,0.296296296,0,0,1.587301587,97.46031746,0,0.317460317,0,2020,-82.5489,27.4394
34,"s45",0,0.642857143,NA,0,27.28571429,0,0.428571429,0,0.214285714,0.714285714,NA,0,0,0,0,3.678571429,0,2.5,37.28571429,0.142857143,219.5,0,0,NA,NA,NA,0,0.071428571,1.821428571,7.607142857,0,0,22.75,0,10.60714286,0,1,0,0.071428571,0,0,266.5357143,43.17857143,0,0,2.243589744,65.70512821,0,6.08974359,2.564102564,2020,-82.4358,27.4424
36,"s51",0.035714286,0,NA,0,162.0357143,1.071428571,39.25,0,0,2.892857143,NA,0,0,0,0,0.214285714,0,3,9.5,0,958.6785714,0.035714286,0,NA,NA,NA,0,0,0,2.214285714,0,0.071428571,0,0,61.92857143,0,5.464285714,0.678571429,0.142857143,0,0,101.1428571,7.785714286,0,0,12.17948718,81.08974359,0,0.641025641,2.243589744,2020,-82.6205,27.4472
38,"s48",0,0,NA,0,0.678571429,0,56.82142857,0,0,0.178571429,NA,0,0,0,0,0.392857143,0,1.928571429,36.32142857,0.071428571,87.75,0.107142857,0,NA,NA,NA,0,0,1,5.428571429,0,0,11.10714286,0,0,0,0,0.178571429,0,0,0,27.46428571,0.5,0,0,8.888888889,87.3015873,0,1.904761905,0.952380952,2020,-82.499,27.449
40,"s41",0.011627907,0.186046512,NA,0,5.302325581,0.360465116,0.081395349,0.011627907,0,57.48837209,NA,0,0,0,0,1.104651163,0.127906977,0.313953488,15.72093023,0.011627907,315.8837209,0.197674419,0.034883721,NA,NA,NA,0,0,0.174418605,3.197674419,0,0.162790698,71.20930233,0,0.279069767,0,0.023255814,0.290697674,0.058139535,0,0,5.418604651,1.23255814,0,0.104651163,8.917197452,4.140127389,29.61783439,2.547770701,12.10191083,2020,-82.304,27.464
42,"s52",11.5,0,NA,0,0.25,0.535714286,62.57142857,0,0.035714286,0.678571429,NA,0.035714286,0,0,0,0.5,0,0.071428571,0,0,12.39285714,0.035714286,0,NA,NA,NA,0,0,0,0.035714286,0,0,0.642857143,0,0,0,0,0,0,0,0,0.178571429,0.071428571,0,0,68.86792453,20.12578616,0,2.51572327,4.716981132,2020,-82.6843,27.4685
44,"s32",1.321428571,0.178571429,NA,0,5.678571429,0,4.071428571,0,0.035714286,1.464285714,NA,0,0,0,0,0.607142857,0,2.535714286,2.821428571,0,50.10714286,0.571428571,0,NA,NA,NA,0,0,0.035714286,0.107142857,0,0.071428571,0.785714286,0,1.464285714,0,0,0.035714286,0.035714286,0,0,5.785714286,1.535714286,0,0,5.063291139,93.67088608,0,0.316455696,0.632911392,2020,-82.524,27.47
46,"s39",0.539325843,0.056179775,NA,0,9.685393258,0.02247191,3.134831461,0,0,2.573033708,NA,0,0,0,0,7.471910112,0.471910112,1.97752809,79.69662921,0.101123596,620.4831461,2.359550562,0.033707865,NA,NA,NA,0,2.123595506,1.550561798,13.46067416,0,0.842696629,144.4719101,0,1.292134831,0,0.078651685,0.404494382,0.011235955,0,0,77.50561798,1.269662921,0,0.011235955,0.949367089,9.810126582,25.63291139,8.544303797,11.70886076,2020,-82.17,27.471
49,"s36",0,0.178571429,NA,0,0.357142857,0.107142857,0.714285714,0,0,37.57142857,NA,0,0,0,0,1.178571429,0.071428571,0.178571429,1.714285714,0,179,0.071428571,0,NA,NA,NA,0,0,0.357142857,2.25,0,0.5,50.60714286,0,0.714285714,0,0,0,0,0,0,6.25,0,0,1.464285714,17.94871795,3.525641026,21.79487179,2.243589744,10.25641026,2020,-82.324,27.475
50,"s30",8.185185185,0.185185185,NA,0,0.037037037,0,0.037037037,0,0,0.074074074,NA,0,0,0,0,0.037037037,0,0.148148148,0.185185185,0,1.740740741,0.074074074,0,NA,NA,NA,0,0,0,0,0,0.037037037,0,0,0,0,0,0.037037037,0,0,0,0.296296296,0,0,0,1.265822785,98.73417722,0,0,0,2020,-82.5513,27.4751
52,"s28",0.571428571,0,NA,0,0,0,28.42857143,0,0,0.071428571,NA,0,0,0,0,0.035714286,0.035714286,0.035714286,0.464285714,0,4.357142857,0,0,NA,NA,NA,0,0,0,0.035714286,0,0,0.035714286,0,0,0,0,0,0,0,0,0.142857143,0,0,0,0.961538462,97.11538462,0,0.641025641,0.320512821,2020,-82.613,27.476
54,"s33",1.24,2.48,NA,0,17.84,0,1.28,0,0.44,3.24,NA,0,0,0,0,1.88,0.08,1.48,11.28,0.56,72.8,0.6,0,NA,NA,NA,0,0,1.84,1.76,0,0,4.36,0,8.4,0,0.16,1.4,0.04,0.16,0.12,8.76,1.4,0,0,8.064516129,85.16129032,0,0.967741935,1.290322581,2020,-82.4804,27.4813
56,"s34",0.071428571,0.107142857,NA,0,2.75,0,0.928571429,0,0,1.035714286,NA,0,0,0,0,3.785714286,0.178571429,1.107142857,3.464285714,0.071428571,75.5,0,0,NA,NA,NA,0,0,0.571428571,3.642857143,0,0.035714286,4.214285714,0,0.178571429,0,0,0.928571429,0.142857143,0,0,6.321428571,0.107142857,0,0,2.201257862,32.0754717,5.031446541,5.660377358,15.09433962,2020,-82.402,27.485
58,"s29",2.428571429,0,NA,0,0.035714286,0,1.607142857,0,0,0.464285714,NA,0,0,0,0,0,0,0,0,0,1.678571429,0,0,NA,NA,NA,0,0,0,0.071428571,0,0,0.035714286,0,0,0,0,0,0,0,0,0.107142857,0,0,0,18.61198738,81.07255521,0,0,0,2020,-82.592,27.489
60,"s35",0,0.043478261,NA,0,0.289855072,0,0.275362319,0,0,3.463768116,NA,0,0,0,0,0.057971014,0.304347826,1.811594203,2.956521739,0,81,0.637681159,0,NA,NA,NA,0,0.057971014,0.275362319,3.260869565,0,0.362318841,66.44927536,0,0,0,0,0.057971014,0,0,0,2.028985507,0.043478261,0,0,12.5,14.42307692,8.974358974,3.205128205,16.98717949,2020,-82.3617,27.4894
62,"s31",0.535714286,0.107142857,NA,0,0.285714286,0,6.607142857,0,0,0.392857143,NA,0,0,0,0,0.107142857,0,0.107142857,0.785714286,0,15.17857143,0.214285714,0,NA,NA,NA,0,0,0,0.107142857,0,0.035714286,0.107142857,0,0,0,0,0,0.035714286,0,0,0.642857143,0.035714286,0,0,27.35849057,71.3836478,0,0.314465409,0.628930818,2020,-82.534,27.49
64,"s37",0,0.011764706,NA,0,10.36470588,0,0.482352941,0,0,18.47058824,NA,0,0,0,0,9.129411765,5.8,1.552941176,29.45882353,0.294117647,937.4352941,2.658823529,0,NA,NA,NA,0,0,12.91764706,71.2,0,2.317647059,104.4235294,0,0.164705882,0,0,0,0,0,0,172.3294118,5.388235294,0,0,9.206349206,0.952380952,23.80952381,1.587301587,4.444444444,2020,-82.3103,27.4982
66,"s26",1.444444444,0,NA,0,4,0.444444444,194.1851852,0,0.111111111,2.703703704,NA,0.703703704,0,0,0,0.222222222,0,0,0.592592593,0.037037037,52.59259259,0,0,NA,NA,NA,0,0,0,0.037037037,0,0,3.814814815,0,0,0,0,0.333333333,0.037037037,0.037037037,0,2.296296296,0.222222222,0,0,35.57692308,48.07692308,0,0.320512821,12.17948718,2020,-82.6574,27.5031
68,"s27",0.142857143,0,NA,0,0.964285714,14.71428571,673.7142857,0,0.964285714,2.535714286,NA,31.89285714,4.75,0,0,6.892857143,0,0,4.464285714,16.17857143,181.4642857,0,0,NA,NA,NA,0,0,0,0.142857143,0,0,7.035714286,0,0,0,0,0,0,0,0,0.678571429,0,0,0,67.50788644,16.08832808,0,0.630914826,11.35646688,2020,-82.6835,27.5111
70,"s25",0,0.035714286,NA,0,1.321428571,0,6.392857143,0,0,0.178571429,NA,0,0,0,0,0.428571429,0,0.214285714,3.607142857,0.107142857,19.5,0,0,NA,NA,NA,0,0,0.25,1.25,0,0.678571429,42.60714286,0,0.035714286,0,0,0.035714286,0,0,0,5.285714286,0.142857143,0,0,9.935897436,30.12820513,6.41025641,10.25641026,15.38461538,2020,-82.432,27.513
71,"s23",0.892857143,0.464285714,NA,0,0.678571429,0,9.535714286,0,0,0.071428571,NA,0,0,0,0,0.714285714,0.142857143,2.714285714,6.571428571,0.071428571,35.21428571,0.428571429,0,NA,NA,NA,0,0,8.214285714,3.035714286,0,0,3,0,0,0,0.214285714,0.142857143,0,0,0,21.5,0.107142857,0,0,32.80757098,62.46056782,0,0.94637224,0,2020,-82.538,27.516
72,"s24",0,0.392857143,NA,0,5.785714286,0,151.4642857,0,0,1.892857143,NA,0.178571429,0,0,0,0.035714286,0,0.5,3.321428571,34.53571429,28.07142857,0,0,NA,NA,NA,0,0,0.75,3.178571429,0,0.142857143,4.892857143,0,0,0,0,0.357142857,0.25,0,0,13.5,0.035714286,0,0,27.70700637,37.2611465,0.636942675,8.598726115,8.598726115,2020,-82.468,27.5161
76,"s22",1.928571429,1.142857143,NA,0,16.92857143,0,30.28571429,0,1.142857143,0.5,NA,0,0,0.107142857,0,0.392857143,0,1.142857143,12.5,0,59.60714286,0.071428571,0,NA,NA,NA,0,0,7.321428571,4.178571429,0,0,0.214285714,0,3.392857143,0,0,0.071428571,0.071428571,0,0,9.535714286,2.571428571,0,0,31.64556962,64.87341772,0,0.949367089,0.316455696,2020,-82.5824,27.531
78,"s20",0.352272727,0.170454545,NA,0,0.738636364,0.022727273,86.71590909,0,0,0.443181818,NA,0.25,0,0,0,0.443181818,0,0.068181818,4.715909091,2.306818182,131.4204545,0.159090909,0,NA,NA,NA,0,0,1.340909091,10.57954545,0,0.011363636,8.840909091,0,0.170454545,0,0.056818182,0.352272727,0,0,0,2.545454545,0.068181818,0,0,71.11111111,20.31746032,0,0.317460317,6.666666667,2020,-82.6282,27.532
81,"s61",0.407407407,0,NA,0,0,0,0.333333333,0,0,0,NA,0,0,0,0,0.074074074,0,0.111111111,0.296296296,0,1.666666667,0.037037037,0,NA,NA,NA,0,0,0,0,0,0,0.407407407,0,0,0,0,0,0,0,0,0.222222222,0,0,0,4.761904762,89.20634921,0,1.587301587,0.317460317,2020,-82.5657,27.5333
84,"s19",0.642857143,0.071428571,NA,0,31.67857143,0,24.85714286,0,0.321428571,3.392857143,NA,0,0,0,0,1.678571429,1.285714286,8.678571429,21.28571429,0,422.8928571,0.964285714,0,NA,NA,NA,0,0,1.321428571,4.107142857,0,0.178571429,7,0,2.142857143,0,0.071428571,0.857142857,0.142857143,0.107142857,0,54.64285714,4.178571429,0,0,3.164556962,79.43037975,0,2.848101266,3.164556962,2020,-82.546,27.554
86,"s13",0,0,NA,0,9.357142857,0,5.607142857,0,0.142857143,1.071428571,NA,0,0,0,0,3.285714286,2,0.714285714,46.5,0,148.5714286,0,0,NA,NA,NA,0,0,11.35714286,7.75,0,0,1,0,20.42857143,0,0.107142857,3.428571429,3.857142857,0,0,40.14285714,0,0,0,2.236421725,43.45047923,8.626198083,4.47284345,22.36421725,2020,-82.4803,27.565
88,"s14",0.277108434,0.626506024,NA,0,3,0,1.144578313,0,0.024096386,0.120481928,NA,0,0,0,0,0.493975904,0.060240964,0.831325301,5.578313253,0,137.1204819,0.036144578,0,NA,NA,NA,0.024096386,0.819277108,0.493975904,0.409638554,0,0.096385542,17.25301205,0,0.795180723,0,0.012048193,0.313253012,0.036144578,0,0,5.963855422,0.542168675,0.012048193,0.012048193,0.317460317,26.34920635,23.49206349,2.857142857,14.28571429,2020,-82.425,27.565
90,"s10",2.444444444,0.148148148,NA,0,5.777777778,0.925925926,255.1851852,0,0.888888889,1.555555556,NA,1.37037037,0,0,0,0.333333333,0,0.222222222,3.444444444,2.481481481,77.59259259,0.259259259,0,NA,NA,NA,0,0,0,0.407407407,0,0,1.555555556,0.222222222,0.185185185,0,0.037037037,0.074074074,0,0,0,2.555555556,1.888888889,0,0,57.6433121,7.961783439,0.636942675,1.910828025,19.74522293,2020,-82.5932,27.5695
92,"s17",0.296296296,0.259259259,NA,0,3.37037037,0,0,0,0,1.925925926,NA,0,0,0,0.037037037,1.074074074,3.888888889,0.074074074,38.51851852,0,434.7777778,0.185185185,0,NA,NA,NA,0,0.185185185,2.407407407,9.962962963,0,0.925925926,73.37037037,0,1.333333333,0,0.074074074,0.037037037,0.074074074,0,0,11.40740741,10.25925926,0,0,0.320512821,0.320512821,18.58974359,4.807692308,21.15384615,2020,-82.1378,27.5709
94,"s11",0.857142857,0.285714286,NA,0,6.678571429,0,20.85714286,0,0.071428571,0.642857143,NA,0,0,0,0,1.5,0,1.857142857,5.071428571,0,704.6428571,0.071428571,0,NA,NA,NA,0,0,0.607142857,0.607142857,0,0,5.25,0,4.821428571,0,0,0.714285714,0,0,0,9.214285714,1.892857143,0,0,3.215434084,44.69453376,6.109324759,4.501607717,23.47266881,2020,-82.504,27.574
96,"s15",1.290697674,1.918604651,NA,0.011627907,33.23255814,0.081395349,4.523255814,0,0.23255814,1.337209302,NA,0.046511628,0,0,0,3.139534884,1.523255814,1.186046512,46.08139535,0.093023256,372.8953488,0.162790698,0,NA,NA,NA,0,1.406976744,1.593023256,2.790697674,0.406976744,0.162790698,13,0,31.56976744,0,0.418604651,17.74418605,3.790697674,0,0,78.88372093,11.40697674,0,0.395348837,0,15.60509554,26.11464968,4.140127389,19.42675159,2020,-82.42,27.575
98,"s16",0.071428571,0,NA,0,7.035714286,0,1.928571429,0,0,4.571428571,NA,0,0,0,0,5.107142857,0.071428571,0.142857143,5.321428571,0.035714286,180.9285714,0,0,NA,NA,NA,0,0,0,0.321428571,0,0.785714286,32.53571429,0,0.5,0,0.035714286,0.214285714,0.142857143,0,0,13.67857143,1.607142857,0,0,0,0,21.58730159,4.126984127,16.50793651,2020,-82.3548,27.5776
99,"s12",0,0.070588235,NA,0,7.211764706,0,64.62352941,0,0,4.164705882,NA,0,0,0,0,0.717647059,17.09411765,5.094117647,39.75294118,0.141176471,650.1176471,0.635294118,0,NA,NA,NA,0,0.223529412,15.36470588,27.89411765,0,0.129411765,74.51764706,0,1.905882353,0,0.082352941,0.717647059,0.611764706,0,0,61.87058824,0,0,0.164705882,3.797468354,31.32911392,20.25316456,4.113924051,24.05063291,2020,-82.484,27.578
102,"s9",0.141176471,0,NA,0,1.458823529,0,339.7058824,0,0,0.635294118,NA,0,0,0,0,4.247058824,0.541176471,0.635294118,38.77647059,0.152941176,354.3647059,0.011764706,0,NA,NA,NA,0,0,0.529411765,1.105882353,0,0.035294118,15.57647059,0,0.270588235,0,0.011764706,0.494117647,0.2,0,0,28.92941176,0.270588235,0,0,15.09433962,35.8490566,4.716981132,1.257861635,25.1572327,2020,-82.548,27.5909
106,"s8",0.011904762,0.035714286,NA,0,0.083333333,0.035714286,269.1666667,0,0,0.392857143,NA,0.071428571,0,0,0,3.130952381,0.107142857,0.107142857,10.57142857,0.071428571,382.6666667,0.095238095,0,NA,NA,NA,0,0,1.630952381,9.333333333,0,0.726190476,44.60714286,0,0.833333333,0,0.011904762,0.023809524,0,0,0,10.27380952,0.154761905,0,0,9.17721519,46.83544304,9.810126582,0.316455696,18.98734177,2020,-82.536,27.603
107,"s5",0,0.107142857,NA,0,18.82142857,0,0,0,0,0.357142857,NA,2.357142857,0,0,0,9.928571429,9.142857143,0,168.5714286,0,610.0714286,0,0,NA,NA,NA,0,0,7.392857143,100.8214286,0,12.82142857,259.2142857,0,0.964285714,0,0.214285714,5.464285714,0.178571429,0,0,267.3571429,17.67857143,0,0.035714286,0.316455696,1.582278481,21.51898734,12.65822785,11.07594937,2020,-82.098,27.603
110,"s6",0,0,NA,0,415.1785714,0,0,0,1.571428571,97.75,NA,0,0,0,0,6.642857143,32.67857143,0,472.7142857,0,2707.785714,0,0,NA,NA,NA,0,0,124.8571429,459.1071429,0,24.17857143,588.1785714,0,0,0,0.892857143,0,0,0,0,1083.857143,174.6071429,0,0.214285714,0,0,19.24290221,5.678233438,20.82018927,2020,-82.124,27.613
113,"s2",1.654761905,2.345238095,NA,0,4.892857143,0,565.4761905,0,0,0.619047619,NA,0.035714286,0,0,0,8.511904762,0.869047619,0.107142857,64.71428571,0.523809524,1327.309524,0.333333333,0,NA,NA,NA,0,0,43.41666667,54.63095238,0,1.630952381,92.28571429,0,1.178571429,0,1.642857143,10.63095238,0.357142857,0,0,28.28571429,0.702380952,0.178571429,0,11.11111111,35.55555556,17.14285714,1.904761905,17.77777778,2020,-82.535,27.616
115,"s3",0,2.813559322,NA,0.050847458,16.76271186,0,570.1694915,0,0,7.13559322,NA,0.016949153,0,0,0,13.91525424,2.440677966,0,191.0508475,1.186440678,1689.745763,0,0,NA,NA,NA,0,0,7.13559322,27.57627119,0,3.322033898,1269.288136,0,2.288135593,0.016949153,0.237288136,25.88135593,3.423728814,0,0,401.8135593,3.627118644,0,0.220338983,0.949367089,26.58227848,24.6835443,3.797468354,8.544303797,2020,-82.497,27.628
117,"s4",0,0,NA,0,4.392857143,0,76.10714286,0,0.071428571,5.785714286,NA,0.107142857,0,0,0,0.142857143,0,0.392857143,38.85714286,0,146.1785714,0.214285714,0,NA,NA,NA,0,0,0,2.75,0,2.035714286,33.14285714,0,0,0,0.035714286,0.357142857,0,0,0,5.035714286,0,0,0,0.320512821,10.8974359,21.47435897,4.487179487,11.21794872,2020,-82.417,27.639
120,"s1",0,0.112359551,NA,0,2.078651685,0,556.2022472,0.112359551,0,0,NA,1.853932584,0,0,0,3.04494382,0.325842697,0.460674157,77.07865169,105.9775281,1663.752809,0,0,NA,NA,NA,0,0,0.617977528,10.35955056,0,0.04494382,20.15730337,0,0.06741573,0,0.011235955,2.483146067,0.786516854,0,0,113.7303371,0.056179775,0,0,43.03797468,12.97468354,11.39240506,2.53164557,17.72151899,2020,-82.553,27.64
